-- Generation time: Sun, 02 Feb 2020 14:13:48 +0000
-- Host: mysql.hostinger.ro
-- DB name: u574849695_25
/*!40030 SET NAMES UTF8 */;
/*!40101 SET @OLD_CHARACTER_SET_CLIENT=@@CHARACTER_SET_CLIENT */;
/*!40101 SET @OLD_CHARACTER_SET_RESULTS=@@CHARACTER_SET_RESULTS */;
/*!40101 SET @OLD_COLLATION_CONNECTION=@@COLLATION_CONNECTION */;
/*!40103 SET @OLD_TIME_ZONE=@@TIME_ZONE */;
/*!40103 SET TIME_ZONE='+00:00' */;
/*!40014 SET @OLD_UNIQUE_CHECKS=@@UNIQUE_CHECKS, UNIQUE_CHECKS=0 */;
/*!40014 SET @OLD_FOREIGN_KEY_CHECKS=@@FOREIGN_KEY_CHECKS, FOREIGN_KEY_CHECKS=0 */;
/*!40101 SET @OLD_SQL_MODE=@@SQL_MODE, SQL_MODE='NO_AUTO_VALUE_ON_ZERO' */;
/*!40111 SET @OLD_SQL_NOTES=@@SQL_NOTES, SQL_NOTES=0 */;

DROP TABLE IF EXISTS `comments`;
CREATE TABLE `comments` (
  `id` bigint(20) unsigned NOT NULL AUTO_INCREMENT,
  `user_id` bigint(20) unsigned NOT NULL,
  `media_id` bigint(20) unsigned NOT NULL,
  `created_at` datetime DEFAULT current_timestamp(),
  `body` text COLLATE utf8_unicode_ci DEFAULT NULL,
  PRIMARY KEY (`id`),
  KEY `user_id` (`user_id`),
  KEY `media_id` (`media_id`),
  CONSTRAINT `comments_ibfk_1` FOREIGN KEY (`user_id`) REFERENCES `users` (`id`),
  CONSTRAINT `comments_ibfk_2` FOREIGN KEY (`media_id`) REFERENCES `media` (`id`)
) ENGINE=InnoDB AUTO_INCREMENT=301 DEFAULT CHARSET=utf8 COLLATE=utf8_unicode_ci;

INSERT INTO `comments` VALUES ('201','1','1','2016-12-05 07:25:32','Et deleniti dolorem nihil odio vel. Consequuntur veritatis aut cum voluptatibus pariatur est eum. Rerum suscipit ad quo amet nihil illum.'),
('202','2','2','1975-01-11 06:28:13','Dolorum eveniet atque autem animi ut ea. Molestiae odit rem assumenda debitis quia. Placeat eius fuga fuga. Facilis recusandae soluta eos placeat.'),
('203','3','3','2002-10-10 07:14:03','Ipsa neque vel fugiat ut sit. Fuga velit qui magnam ipsam maxime. Qui ex reprehenderit quia et dolor. Occaecati ipsum voluptatem dignissimos voluptatum vel tempora sequi.'),
('204','4','4','1977-06-25 00:49:25','Error enim autem dolor tempore rerum eius asperiores. Nihil et explicabo accusantium debitis aut. Qui cumque qui sit neque. Eaque delectus repudiandae quidem fugiat et qui ducimus est. Est nostrum qui et est et tenetur.'),
('205','5','5','1991-12-14 15:49:08','Molestias quia quidem quidem aliquid eius vitae. Amet quo et similique et doloremque ea ea. Animi consectetur reiciendis ipsa sequi sapiente ea.'),
('206','6','6','1983-05-22 13:42:55','Voluptas quo nostrum excepturi dolor. Unde cupiditate voluptatibus consequuntur et omnis aliquam. Mollitia nam et ducimus autem perspiciatis ipsum. Quaerat totam laboriosam dolor laudantium.'),
('207','7','7','1972-09-04 11:23:30','Aut perspiciatis iure amet provident tempora optio. Temporibus illo earum ut aut consequatur ipsam. Sequi saepe sed et quia autem neque.'),
('208','8','8','1991-04-21 11:45:58','Provident officia necessitatibus esse dignissimos enim dolorem. Minima sint veritatis asperiores et eos necessitatibus labore adipisci. Odio omnis voluptatem facilis non eum minus sapiente. Voluptates pariatur consequatur sit sed. Quam voluptatem perferendis reiciendis quae.'),
('209','9','9','1991-10-15 03:34:36','Ab labore assumenda culpa sit voluptatem unde molestiae. Quia eligendi dignissimos est ab. Omnis ut quisquam commodi.'),
('210','10','10','1990-03-01 05:03:10','Tempore sapiente molestias omnis architecto. Qui sit eum sit neque. Sint libero tenetur optio reiciendis molestiae neque nemo. Officiis dolorum ut modi saepe magni.'),
('211','11','11','1979-05-15 05:46:54','Assumenda placeat odio non non eum. Nesciunt illo odio quia quas et dignissimos. Quod eum ex consequatur consectetur officiis autem. Odio eum aperiam quo odio in sunt consectetur.'),
('212','12','12','2001-07-29 18:18:57','Et qui tempora aliquam dignissimos vitae. Officia consequatur ratione qui aut. Quae voluptatem quisquam dolor cum.'),
('213','13','13','1993-03-09 17:46:36','Ad ut vel qui et sit possimus. Veniam minus ipsam accusantium dolore. Minima voluptatum non consequatur voluptatem omnis.'),
('214','14','14','1970-06-02 23:08:02','Quas veritatis et ducimus. Velit occaecati temporibus eos est vitae dolor. Ratione consectetur amet voluptate molestiae. Corrupti minima illo modi veritatis maiores.'),
('215','15','15','1983-01-05 16:22:53','Praesentium aliquid exercitationem voluptatem eius enim qui totam. Cum est molestiae ipsum et aut delectus. Earum illo libero cupiditate quia.'),
('216','16','16','2000-12-12 07:48:53','Non at veritatis ipsam ab veritatis laboriosam. Dicta voluptatem molestiae dolor nulla non. Sequi est debitis repellat autem.'),
('217','17','17','1978-03-29 03:51:31','Impedit quod sint est labore sed hic aut. In veritatis eligendi nihil aut. Tenetur sit aperiam pariatur inventore vitae quia.'),
('218','18','18','1973-03-29 20:42:24','Ut quam corporis harum enim hic aut. Qui totam omnis quam tempore. Dolor possimus illo dolorem deserunt voluptas.'),
('219','19','19','2009-04-10 11:25:44','Reiciendis odit illum expedita et rerum ut ut. Consequatur non et iure libero. Molestiae provident dolores ducimus inventore.'),
('220','20','20','2006-03-23 21:30:27','Placeat voluptas molestiae quia voluptates et architecto. Fugit consequatur possimus temporibus necessitatibus nihil molestias consequatur aut. In quo fugiat similique vitae maiores non magnam. Est sit excepturi quia provident. Ex vero quibusdam eaque necessitatibus.'),
('221','21','21','1987-10-17 03:06:11','Temporibus quam maxime cumque qui aut cum voluptas vitae. Vero officiis suscipit eligendi illum et. Aut totam magni sit sunt voluptatem. Impedit asperiores aut ut exercitationem quaerat.'),
('222','22','22','1995-08-31 04:10:18','Eum molestiae eius mollitia impedit dolor vel blanditiis. Aperiam enim tempora quasi veniam delectus ut et et. Quia voluptatem enim ex voluptatum minus. Quod corrupti cum architecto rem odio.'),
('223','23','23','1983-10-14 22:13:11','Pariatur et aut veritatis vitae fuga. Omnis nesciunt impedit aut aut adipisci architecto. Illum omnis voluptas deleniti qui. Temporibus voluptatum excepturi et corporis deleniti commodi.'),
('224','24','24','2015-02-03 21:38:40','Aspernatur aut et vitae natus. In ex voluptatem non eos quisquam distinctio autem a. Quae quod veritatis fuga nobis eius non. Dolorum corrupti non et id.'),
('225','25','25','1993-05-14 11:41:34','Vel distinctio eos eligendi eum eveniet. Voluptatem quo non tenetur accusamus. Sit est qui sint doloribus. Et facere beatae ut dolorum.'),
('226','26','26','1971-12-12 02:37:45','Consequatur animi ea est facere rerum tempore. Occaecati mollitia quia officiis dolores consequatur minima consectetur. Nostrum praesentium esse vero.'),
('227','27','27','1975-07-14 06:54:44','Iste autem ea corrupti fugit enim eveniet reprehenderit. Rem voluptatibus suscipit ipsum nam voluptatem. Laboriosam dolor quo omnis tempore.'),
('228','28','28','1972-01-28 14:33:52','Esse consectetur dolorem nihil rem accusamus voluptate. Ut ut ea excepturi delectus nemo et in consequatur. Cumque neque delectus quae.'),
('229','29','29','1973-06-06 14:28:19','Odit eveniet et et vel et repellendus impedit. Reiciendis iste rerum sit quis magni consequatur. Nesciunt corrupti fugit suscipit numquam adipisci qui.'),
('230','30','30','2006-09-22 00:45:00','Est veniam quia sed. Mollitia et id qui ducimus minima magni deleniti fugiat. Laboriosam aliquam voluptas nisi illum. Atque quia non voluptas rerum quos vitae repellendus.'),
('231','31','31','1991-04-10 23:56:42','Repellendus sequi nulla dolore voluptatem. Et labore voluptatem facilis aut quia soluta eius. Enim cum aut laudantium exercitationem fugit sint.'),
('232','32','32','1990-02-12 19:06:40','Repellat aut dolorem aut saepe cum. Eligendi nemo est debitis quidem et. Distinctio aspernatur molestiae omnis.'),
('233','33','33','1987-05-10 10:39:33','Est at corrupti exercitationem rem consectetur aut qui. Et sed praesentium ipsa. Corporis eius necessitatibus magnam.'),
('234','34','34','2007-01-02 00:26:20','Non animi doloribus molestiae sint dolorum ex. Autem temporibus at accusantium voluptatem accusantium.'),
('235','35','35','1971-08-29 08:36:03','Aliquid minima libero cum quidem harum et ab totam. Eligendi sed est ipsam excepturi soluta sunt. Nulla ratione totam delectus qui quos ut.'),
('236','36','36','2013-08-22 16:59:26','Fugit consequatur repellat assumenda maxime. Ut magni enim doloremque. Hic porro molestiae at facere quos.'),
('237','37','37','1977-08-02 14:10:09','Deserunt cumque numquam commodi voluptatem consequatur eum libero. Unde aut et distinctio cupiditate ullam magnam. Quia explicabo expedita consequuntur voluptatem nisi ea rerum. Molestiae ut recusandae nihil quibusdam.'),
('238','38','38','2017-11-14 11:01:50','Cum itaque quo numquam soluta at. In corporis earum laudantium vel aperiam. Officiis est eveniet nisi repudiandae est optio excepturi. Placeat sit voluptatem ut ut qui aliquam.'),
('239','39','39','1984-09-07 13:06:21','Necessitatibus et nihil quisquam iure voluptatibus eveniet. Molestiae eveniet aliquid eius cumque eveniet. Quaerat voluptates dolorum quaerat quas soluta alias veritatis.'),
('240','40','40','1988-09-10 08:34:34','Sit quo nobis expedita aspernatur atque. Et sunt debitis numquam libero.'),
('241','41','41','1978-10-20 04:52:12','Est enim distinctio velit est adipisci. Illo distinctio molestias accusamus molestias alias voluptas placeat. Consequatur repellendus beatae itaque repellendus. Qui soluta autem omnis et accusantium.'),
('242','42','42','2018-03-30 14:35:49','Quod sit similique sit vel iusto et dolor. Officia suscipit quam iste. Corporis nemo sed aut enim omnis dolores.'),
('243','43','43','1987-02-07 19:51:49','Nostrum doloremque mollitia facilis nihil autem. Optio exercitationem tempora saepe repellendus consequatur sunt. Expedita veniam vel reiciendis est blanditiis ad in.'),
('244','44','44','1999-03-12 15:03:34','Quia voluptatem sunt incidunt quo animi enim nostrum. Culpa nisi laboriosam neque eos quos doloribus. Sed sint optio dolor. Earum officiis quis rerum optio.'),
('245','45','45','1977-11-01 10:41:21','Eum dolorem aut enim enim nisi. Ipsa est odit ut in eos. Natus velit ut autem enim sed voluptas. Qui omnis ut sit vitae eligendi quia.'),
('246','46','46','1985-07-29 10:07:31','Quia saepe vel reiciendis molestiae qui quo quia est. Velit repellat laudantium odit. Eos ut quidem optio eos qui porro. Architecto optio reiciendis repudiandae ab ad ipsa.'),
('247','47','47','1981-04-19 12:50:13','Nostrum consequatur ut autem. Est dicta quas impedit cupiditate. Dolor voluptatibus eum ipsa at voluptatem deleniti. Blanditiis voluptate nam ut.'),
('248','48','48','2001-09-23 12:45:05','Quaerat velit cupiditate facilis. Amet reiciendis et repellendus minima maiores laborum aperiam quidem. Recusandae aspernatur adipisci necessitatibus vel dolores nesciunt doloribus aut.'),
('249','49','49','2001-08-20 12:21:05','Quia dolores deserunt optio quod. Facilis expedita perspiciatis architecto molestiae sint vero nemo. Ad cupiditate maiores recusandae aut labore atque nam.'),
('250','50','50','1982-12-12 08:33:25','Voluptas laborum molestiae quia ea consequatur atque et laudantium. Alias et consectetur officiis. Minus molestias enim incidunt praesentium. Voluptatibus pariatur distinctio veniam est.'),
('251','1','51','2012-05-05 11:14:47','Iure exercitationem cupiditate omnis. Nemo eaque sunt dolorem eius quis dignissimos. Est id nihil temporibus repellendus voluptatem in est maiores. Atque quisquam incidunt et optio ut.'),
('252','2','52','2015-03-01 10:48:49','Non est dolorum omnis minima. Cumque facere ut voluptatibus tempore. Aut non hic quis atque repellat accusamus alias. Et perferendis alias voluptatum cum molestiae nihil et.'),
('253','3','53','1982-05-27 04:53:31','Quas deserunt aspernatur ratione sunt sed enim expedita officia. Veniam ducimus distinctio a velit hic. Atque architecto dolor consectetur est aspernatur et et. Quod ea dolores assumenda et.'),
('254','4','54','2006-09-03 22:42:21','Natus recusandae ducimus inventore similique corporis consequuntur. Nihil ea aliquam fuga quisquam. Et sed deserunt voluptatem sed quasi.'),
('255','5','55','2013-10-07 14:35:41','Qui dolorum fugit fugiat et aut aut modi labore. Aut laborum eligendi expedita asperiores. Aut ipsum quisquam porro aliquam sit. Maiores cupiditate explicabo repudiandae nemo aliquam.'),
('256','6','56','2002-07-04 16:50:47','Autem ratione odio id id. Ut veniam natus reiciendis perspiciatis distinctio possimus.'),
('257','7','57','2013-01-07 08:06:21','Quae eos voluptatem modi eos. Architecto enim quis natus.'),
('258','8','58','2016-10-18 19:46:41','Eos quaerat ut sapiente quod accusantium. Vitae aperiam beatae autem. A vero et accusamus quia.'),
('259','9','59','2007-04-22 18:24:11','Deserunt nihil vel voluptatem blanditiis. Accusantium suscipit quia hic omnis est error voluptate. Aperiam saepe labore facilis quo.'),
('260','10','60','2014-01-22 21:21:39','Molestias qui dignissimos est est dolore in dolores. Corrupti in ipsa est voluptatem. Praesentium voluptatem ut itaque perferendis ullam. Qui quis consequatur quia qui.'),
('261','11','61','2012-02-16 20:17:43','Aspernatur architecto ab corrupti quidem voluptas aut. Alias cum expedita quidem qui occaecati autem distinctio. Qui et iusto ut molestiae at repudiandae. Qui sunt doloribus consequatur quod. Odit dicta quos ratione cum culpa perferendis.'),
('262','12','62','1978-06-05 23:31:07','Illum minima atque culpa earum. Id vero nihil nulla repellendus et. Rerum non et in. Quasi earum non et deserunt qui quibusdam.'),
('263','13','63','1979-06-27 23:44:08','Eveniet nulla sed nobis in optio earum quis. Fugit et beatae nihil recusandae officiis. Ad inventore similique dignissimos cum. Saepe et perspiciatis itaque.'),
('264','14','64','1995-04-18 17:44:40','Voluptatem nihil modi voluptatem quos qui recusandae enim. Totam soluta qui quia quia nisi quia et. Non sed sapiente in est optio accusantium vel.'),
('265','15','65','2007-02-17 14:08:18','Et ab harum iure in voluptatem. Et voluptatibus est expedita aliquid eos. Facere tempore voluptate consequuntur in voluptates et itaque omnis. Sit suscipit nulla ipsa earum magni et. Mollitia ullam consequuntur eos amet aperiam officia inventore.'),
('266','16','66','1996-07-28 00:47:40','Eveniet commodi hic doloribus sed. Expedita non dolores nesciunt placeat. Ea deserunt et incidunt libero consequatur blanditiis amet. Saepe libero alias corporis distinctio quas vel exercitationem quia.'),
('267','17','67','1998-01-17 19:02:01','Sunt aspernatur deserunt sunt aliquid officia fugit. Necessitatibus rem facilis non. Delectus et quia exercitationem sit sunt saepe illum quam. In numquam quia dolorem fuga occaecati a.'),
('268','18','68','2011-03-22 08:26:47','Tempora voluptatem saepe earum saepe maiores officia. Voluptatem tempora impedit dignissimos sit consectetur eos est dignissimos. Dignissimos id itaque quidem eum ea consequatur minus. Sunt quis ut vero.'),
('269','19','69','2004-11-24 09:35:53','Aut ullam quo cum qui dolorem magnam impedit. Sed illum magnam et odio aut dicta. Voluptatibus quo at corrupti pariatur corporis rerum.'),
('270','20','70','2008-10-16 23:33:45','Suscipit est est aut deleniti. Amet voluptatibus tempore error fuga maiores pariatur aperiam aut. Rerum ad eum eligendi. Qui exercitationem odio eum iste ullam quia quas voluptatem.'),
('271','21','71','1970-02-02 12:22:26','Ut quod ipsum earum id. Eos enim accusantium velit iusto. Eum quidem voluptas labore molestias in.'),
('272','22','72','2003-07-06 10:47:40','Eum dolores doloribus asperiores necessitatibus consequatur cum animi. Laborum eveniet facere error ipsa.'),
('273','23','73','1979-06-01 13:48:30','Sit reiciendis consectetur ipsum expedita incidunt et. Explicabo maxime quia reiciendis velit est. Explicabo debitis veritatis totam sit quaerat animi aut. Enim ut error sunt omnis. Est illum rerum voluptatem quam a possimus provident.'),
('274','24','74','2001-11-14 05:31:30','Est provident quas sint debitis voluptatem vel adipisci iste. Minima porro enim magni alias repellendus perferendis. Est et quo illo.'),
('275','25','75','1980-02-09 09:20:54','Nesciunt a et libero blanditiis perferendis. Quos suscipit voluptas distinctio aut ut autem. Omnis architecto sapiente voluptas quas.'),
('276','26','76','2000-06-25 17:37:08','Beatae sunt ad reprehenderit ipsam quasi inventore consequatur in. Iusto deserunt aliquid voluptatem est doloribus ut dolorem. Minus non blanditiis quis qui blanditiis deleniti qui. Voluptas doloremque omnis aliquam ipsum tempore reprehenderit. Facere velit dolorum harum velit.'),
('277','27','77','1982-12-03 23:59:59','Natus et ut quas dicta laudantium odit. Itaque enim animi perspiciatis optio quia. Voluptatum mollitia veritatis qui ad. Culpa minima nulla dolor omnis dolorum tempora neque.'),
('278','28','78','1977-12-10 02:01:29','Suscipit debitis deserunt consequuntur molestiae. Qui esse sunt repellendus qui. Sit expedita ea cum cupiditate sapiente.'),
('279','29','79','1987-05-03 06:20:57','Error error est est et cum. Quo voluptas facilis possimus vero. Voluptatem assumenda asperiores autem. Mollitia alias sit culpa qui molestiae quaerat unde vel. Tempora non aut eum laboriosam ab.'),
('280','30','80','2006-05-24 18:18:44','Voluptatem optio vero expedita eum. Perferendis voluptatem numquam et autem est deleniti. Fugiat dolore molestiae quos.'),
('281','31','81','1992-07-18 13:25:04','Eligendi exercitationem qui similique dolorem. Id ea ut labore amet in eos. Omnis nisi dolores ea ut maiores explicabo assumenda. Delectus quisquam alias omnis. Dolorum aut nulla est ipsa sed.'),
('282','32','82','1972-09-27 04:28:27','Totam ut sint omnis maiores harum ut. Non provident minus nobis omnis molestias maiores impedit accusamus. Minima fugiat labore sapiente quia labore.'),
('283','33','83','1993-04-08 01:46:16','Tempora quisquam possimus quas soluta modi sint qui sed. Hic quaerat distinctio et.'),
('284','34','84','1978-08-27 01:35:49','Ut voluptatem vero eveniet rerum qui repellat harum. Nostrum corrupti omnis et est maxime. Fugiat possimus corrupti voluptate beatae quod porro. Non sed voluptatem eius eius natus nisi aut.'),
('285','35','85','2004-06-10 20:39:48','Deleniti quod voluptate voluptatem consequuntur dignissimos id. Explicabo quisquam quia dolores quasi fugiat quas non. Aut quam officiis voluptatum nisi veniam sit impedit. Enim architecto corporis sit veritatis.'),
('286','36','86','2014-10-10 08:30:09','Accusamus et sint blanditiis. Distinctio sunt nulla quibusdam tempora expedita tempore. Necessitatibus provident animi libero eum veritatis. Illo qui nihil omnis dolorem iusto omnis.'),
('287','37','87','1973-01-29 00:45:46','Mollitia placeat et voluptatem ut eos. Vel quis quas dolor suscipit dolor consequuntur aut. Sit facilis similique consectetur voluptas sit. Similique iusto dolor placeat sit est sint voluptatibus.'),
('288','38','88','1991-10-11 11:17:41','Rerum laudantium cum aperiam debitis. Id magni non sed nostrum dolorem. Consequatur et placeat architecto.'),
('289','39','89','1979-04-07 07:07:27','Cumque eveniet et qui. Est praesentium minima voluptas. Ullam magni corrupti quia. Qui maiores temporibus laborum neque reiciendis fugit.'),
('290','40','90','2018-12-18 21:32:21','Ducimus ea ipsa est dicta neque delectus occaecati. Dolorum error quasi atque atque. Vitae quo labore dignissimos suscipit.'),
('291','41','91','2005-10-12 13:14:50','Omnis dolorem repellat voluptate. Ut laborum saepe voluptatum officia. Ipsum consequatur accusantium quo accusantium. Quibusdam deleniti quas consequatur aut.'),
('292','42','92','1974-03-17 14:43:00','Natus distinctio id adipisci dolor minima et. Maiores soluta voluptatem natus. Fugit placeat porro aut praesentium possimus rerum.'),
('293','43','93','1971-05-15 17:01:05','Qui velit fuga quis quia quis. Non qui facilis ipsa illo. Id quam quo ea. Expedita assumenda quos repellendus at saepe non.'),
('294','44','94','1988-12-29 04:15:20','Sit provident excepturi iusto nemo porro. Doloremque qui omnis velit iure. Et accusantium voluptates nisi consequatur vero. Accusamus est dolorem optio.'),
('295','45','95','2016-01-16 01:03:10','Eveniet repudiandae modi odio. Aut architecto molestiae eum laborum beatae odit dolorem. Perspiciatis dolores omnis voluptatem maiores commodi voluptas excepturi magni. Sapiente aut aut id omnis dolor. Laborum ex ad optio qui.'),
('296','46','96','1971-04-28 05:55:13','Fugiat vitae magnam voluptatem et et. Et eius quam sit incidunt voluptatem aspernatur odio asperiores. Dignissimos nihil optio quis ut quia non illum.'),
('297','47','97','1999-09-15 20:04:48','Voluptas magni molestias ratione non aut. Qui laudantium sed sit et. Occaecati exercitationem quas aut recusandae fugit. Ut quos repellat optio reiciendis accusantium reiciendis veritatis.'),
('298','48','98','1977-02-27 08:25:29','Voluptates minus porro consectetur mollitia earum voluptatem. Quas aut in adipisci ipsum hic.'),
('299','49','99','1996-12-19 07:11:13','Iure saepe veniam quis quo dolores. Sed in minima accusantium vero et. Maiores minima modi voluptatem aut molestiae fugiat laudantium.'),
('300','50','100','1988-07-09 21:30:52','Nulla eligendi autem aliquam qui. Dolores corporis ab ipsum dolorum qui magni facere distinctio. Praesentium et et in.'); 


DROP TABLE IF EXISTS `communities`;
CREATE TABLE `communities` (
  `id` bigint(20) unsigned NOT NULL AUTO_INCREMENT,
  `name` varchar(150) COLLATE utf8_unicode_ci DEFAULT NULL,
  PRIMARY KEY (`id`),
  KEY `communities_name_idx` (`name`)
) ENGINE=InnoDB AUTO_INCREMENT=51 DEFAULT CHARSET=utf8 COLLATE=utf8_unicode_ci;

INSERT INTO `communities` VALUES ('33','Ab ut ab architecto totam sunt sint.'),
('1','Accusamus explicabo dolorem non asperiores est.'),
('19','Adipisci dolorum libero qui reiciendis aut ipsam.'),
('39','Aperiam et nam ab non.'),
('7','Assumenda ut tempora dicta exercitationem dolor dignissimos eum fuga.'),
('43','At praesentium facere quidem minus soluta fuga ipsam.'),
('22','Atque autem placeat libero minima aperiam ut.'),
('34','Beatae laudantium quod eius voluptate a corporis.'),
('16','Corrupti necessitatibus dolor et aut sint omnis.'),
('30','Cumque dolorem soluta et ut qui nesciunt.'),
('3','Cupiditate voluptatem explicabo beatae eum distinctio dolore.'),
('45','Debitis placeat ut hic quia.'),
('27','Debitis qui dignissimos voluptas quod repellendus eum.'),
('12','Doloremque accusantium nam a consequatur.'),
('41','Doloremque quo unde quidem quis sequi nam dolorem blanditiis.'),
('36','Doloremque sint magnam id quaerat.'),
('13','Doloribus quibusdam officiis voluptas ut ut non.'),
('23','Eaque modi aut ipsam deleniti.'),
('20','Est fugiat accusantium optio dolorem quod dolorem.'),
('10','Est optio sint molestiae dolores est.'),
('14','Et est ut sapiente qui ducimus.'),
('47','Et ut et reprehenderit at repellat quia.'),
('29','Illum harum blanditiis sequi dolor nihil.'),
('38','In reprehenderit non hic dolorem eaque distinctio.'),
('35','Maiores blanditiis ullam aut.'),
('11','Minima culpa consequatur facilis saepe voluptatem.'),
('28','Molestiae dolores at magnam saepe id mollitia veniam.'),
('21','Nihil dolores ipsam debitis non quia.'),
('32','Nobis pariatur cum blanditiis.'),
('2','Nobis reiciendis aliquid ut atque et repellat voluptatem voluptatem.'),
('46','Officiis consequatur occaecati nostrum ipsum.'),
('25','Omnis et modi iste ut.'),
('37','Placeat necessitatibus magni similique hic quia ipsum architecto.'),
('50','Qui ducimus corporis accusantium aut reiciendis.'),
('49','Ratione consequuntur omnis quos minus omnis enim.'),
('42','Repellat accusantium praesentium odit necessitatibus illo molestias natus.'),
('40','Sed amet unde dolores consectetur iusto.'),
('15','Sit sit eaque molestias magnam facilis sunt.'),
('6','Soluta et repellat qui eos.'),
('9','Soluta et sit quis ex ea tempora quidem.'),
('17','Soluta id quibusdam minima animi dolore.'),
('4','Tempore natus cumque dolores repellendus necessitatibus atque sed.'),
('5','Tenetur eos voluptas rerum deserunt.'),
('26','Ullam quae et itaque totam ad deserunt deserunt.'),
('24','Ut dolor aut illo explicabo.'),
('8','Vel officia unde at.'),
('48','Velit enim et eos praesentium molestias sapiente ipsam.'),
('44','Veniam temporibus est consequatur aspernatur voluptatibus.'),
('31','Voluptatem rerum magni error omnis fuga nulla culpa.'),
('18','Voluptates sint quo animi qui aut et minus autem.'); 


DROP TABLE IF EXISTS `friend_requests`;
CREATE TABLE `friend_requests` (
  `initiator_user_id` bigint(20) unsigned NOT NULL,
  `target_user_id` bigint(20) unsigned NOT NULL,
  `status` enum('requested','approved','unfriended','declined') COLLATE utf8_unicode_ci DEFAULT NULL,
  `requested_at` datetime DEFAULT current_timestamp(),
  `confirmed_at` datetime DEFAULT NULL,
  PRIMARY KEY (`initiator_user_id`,`target_user_id`),
  KEY `initiator_user_id` (`initiator_user_id`),
  KEY `target_user_id` (`target_user_id`),
  CONSTRAINT `friend_requests_ibfk_1` FOREIGN KEY (`initiator_user_id`) REFERENCES `users` (`id`),
  CONSTRAINT `friend_requests_ibfk_2` FOREIGN KEY (`target_user_id`) REFERENCES `users` (`id`)
) ENGINE=InnoDB DEFAULT CHARSET=utf8 COLLATE=utf8_unicode_ci;

INSERT INTO `friend_requests` VALUES ('1','1','','2003-05-20 12:52:49','2003-03-04 14:51:52'),
('1','5','','1992-06-07 02:51:32','2012-10-23 23:22:35'),
('1','40','','1976-09-02 23:14:10','1974-12-26 08:28:44'),
('1','47','','2003-12-08 04:28:50','2010-11-15 18:21:27'),
('1','50','','2017-02-17 15:30:22','1981-10-24 09:41:32'),
('2','2','','2004-08-15 04:20:57','2004-05-25 12:28:09'),
('2','3','','1975-05-01 03:46:23','1999-03-06 05:55:04'),
('2','11','','1975-04-17 16:17:58','2014-01-06 09:50:58'),
('2','19','','2019-07-01 10:08:04','1978-07-06 00:06:53'),
('2','37','','1992-07-26 20:43:38','1985-06-24 10:39:18'),
('2','46','','1973-06-23 17:05:57','1993-10-20 05:19:27'),
('3','3','','2018-12-12 23:08:48','1987-03-26 12:34:34'),
('3','16','','2015-02-11 07:57:33','1996-09-30 04:51:18'),
('3','22','','2016-07-08 10:15:41','1983-04-10 01:32:49'),
('3','24','','1990-10-29 16:40:31','1973-08-09 18:28:37'),
('3','49','','2015-02-10 21:18:14','1976-05-02 15:02:54'),
('3','50','','2007-08-21 07:26:09','1999-09-24 11:40:15'),
('4','4','','2016-05-02 13:57:55','2010-04-08 12:59:32'),
('4','9','','2018-01-03 02:56:02','1992-09-04 04:22:06'),
('4','19','','2012-02-09 01:08:49','1983-07-09 06:50:18'),
('4','32','','1996-12-24 18:01:30','2019-09-26 14:58:24'),
('4','38','','1970-11-14 09:30:19','1999-09-01 19:46:05'),
('4','48','','1989-04-05 12:24:15','1994-07-09 06:29:42'),
('5','1','','1972-03-24 12:30:14','1998-12-12 04:01:07'),
('5','5','','1996-07-17 14:55:30','1979-03-14 20:36:47'),
('5','13','','2002-11-26 23:27:35','2005-11-19 02:03:11'),
('5','15','','2016-11-29 13:39:05','2003-12-31 00:26:16'),
('5','26','','1998-01-08 22:04:32','2012-09-25 18:31:57'),
('5','27','','1977-04-07 04:01:29','2003-11-22 07:28:23'),
('5','38','','2008-08-08 14:48:58','1973-10-13 00:13:47'),
('5','45','','1986-09-19 08:44:58','2017-05-15 17:34:13'),
('5','50','','1994-04-19 11:44:29','1977-06-19 09:47:37'),
('6','6','','2013-07-01 16:38:23','2004-11-06 14:13:00'),
('6','18','','2002-02-06 02:20:36','1996-10-30 08:44:43'),
('6','26','','2006-06-16 19:03:25','1978-04-22 17:09:13'),
('6','36','','2012-01-19 06:47:03','1972-02-03 18:28:20'),
('6','37','','2005-10-09 22:22:40','1995-01-13 21:13:59'),
('6','49','','1976-03-27 04:57:46','1995-10-01 08:38:49'),
('7','7','','1973-01-26 12:12:30','1983-08-04 13:00:56'),
('7','16','','2016-02-11 20:27:38','1983-02-21 08:51:53'),
('7','20','','1973-10-28 04:11:03','1983-04-15 22:32:45'),
('7','37','','1985-01-27 08:09:06','2017-01-27 18:34:54'),
('7','41','','2007-02-28 19:57:29','1988-03-18 08:36:17'),
('7','48','','2017-03-06 20:11:29','1972-01-13 22:47:37'),
('8','2','','1985-10-29 20:24:43','2010-12-03 06:02:14'),
('8','5','','2011-03-12 07:27:30','2006-08-31 01:36:19'),
('8','7','','2013-10-17 08:47:31','2008-08-23 20:51:41'),
('8','8','','1999-09-28 19:30:51','2006-01-07 09:15:39'),
('8','14','','2001-07-24 11:07:49','2016-06-14 14:56:28'),
('8','45','','1975-12-18 00:37:27','1997-03-15 16:40:25'),
('9','5','','2008-08-31 13:25:59','1978-12-05 10:09:22'),
('9','8','','2011-02-25 12:45:20','2003-01-06 20:49:18'),
('9','9','','2019-10-24 06:25:09','2015-10-13 18:06:25'),
('9','11','','1979-01-26 08:30:19','1998-02-08 14:06:42'),
('9','19','','1978-02-17 14:39:05','1990-10-15 16:40:16'),
('9','26','','2009-03-24 21:03:06','1984-05-19 06:31:12'),
('9','29','','2007-10-06 10:05:31','2019-05-30 02:21:31'),
('9','30','','2016-12-14 12:08:58','1972-12-08 22:33:53'),
('9','35','','2005-02-08 00:37:42','2010-08-21 17:29:44'),
('9','47','','2018-01-31 08:00:46','2003-03-22 05:50:06'),
('10','1','','1973-09-24 01:02:45','2018-12-08 16:59:21'),
('10','7','','2019-05-18 09:17:52','2016-03-07 08:13:08'),
('10','10','','2004-04-08 16:59:49','2006-11-02 12:34:30'),
('10','26','','1998-08-24 01:52:40','1973-06-16 13:13:33'),
('10','30','','1998-03-09 18:47:55','1976-07-27 23:57:50'),
('10','41','','2005-06-11 15:54:23','2010-12-21 01:46:41'),
('11','11','','2011-03-19 22:02:08','2005-04-25 21:27:05'),
('11','17','','2018-04-22 03:39:44','1970-06-26 08:40:32'),
('11','23','','1998-01-03 16:01:29','2005-06-01 06:27:12'),
('11','27','','2019-08-09 14:39:38','2001-10-31 15:57:09'),
('11','29','','1984-01-01 11:38:50','1987-05-29 05:45:09'),
('11','49','','1978-03-27 03:56:24','2006-05-31 13:37:43'),
('12','1','','2007-02-19 05:32:55','1997-09-04 08:21:45'),
('12','9','','2007-04-11 01:26:35','2000-12-24 03:57:43'),
('12','12','','1970-08-09 15:23:38','2014-05-07 14:01:52'),
('12','24','','1988-03-25 08:54:10','2007-09-16 09:02:15'),
('12','27','','1989-01-23 14:34:08','1978-09-02 20:29:36'),
('12','33','','1998-01-15 16:27:52','1994-01-07 11:41:00'),
('12','36','','2017-06-24 12:11:06','1982-07-22 12:48:23'),
('13','12','','1995-08-29 03:17:54','2009-12-19 18:24:57'),
('13','13','','1995-02-02 16:22:11','2011-11-21 22:54:12'),
('13','14','','2012-03-18 04:24:57','2019-06-11 16:50:28'),
('13','28','','2015-06-27 13:48:04','1996-09-25 07:36:43'),
('13','34','','1975-07-14 23:09:19','2011-10-14 02:48:55'),
('13','36','','2011-02-17 20:57:16','1995-06-06 09:03:42'),
('13','40','','1988-12-12 06:50:38','1984-10-06 23:48:07'),
('14','1','','1980-02-20 11:30:21','1970-08-21 22:13:02'),
('14','14','','1974-12-29 20:42:28','2008-11-17 02:53:26'),
('14','24','','1983-01-13 23:14:52','2001-10-05 02:00:20'),
('14','39','','1985-04-28 04:12:40','2014-03-24 17:55:07'),
('14','48','','1988-04-17 10:43:30','1978-07-23 06:16:17'),
('14','50','','1979-12-28 21:01:12','1984-05-07 20:59:46'),
('15','15','','1991-03-30 02:55:52','1990-03-11 04:18:46'),
('15','22','','1985-06-10 04:01:16','2003-02-03 14:39:05'),
('15','28','','1999-01-16 13:40:06','2001-01-29 12:46:10'),
('15','30','','2007-07-01 19:19:49','2007-05-26 11:16:45'),
('15','31','','2008-06-19 12:06:23','2017-12-24 09:39:08'),
('16','9','','2006-11-10 19:09:45','2019-09-18 03:41:20'),
('16','16','','2005-12-11 06:07:21','2007-04-21 20:31:51'),
('16','25','','1970-10-29 07:14:22','2019-08-20 11:03:39'),
('16','26','','2019-07-18 12:20:21','1985-11-22 06:07:27'),
('16','34','','2002-06-06 10:55:25','1998-07-01 22:19:40'),
('16','41','','2001-09-28 07:00:05','1970-11-20 23:04:38'),
('16','43','','1993-05-10 22:35:12','2007-05-10 03:57:05'),
('16','45','','1980-09-01 04:37:17','2017-01-27 12:52:06'),
('17','13','','2002-08-27 19:43:28','1991-06-06 05:40:57'),
('17','17','','2006-07-23 08:39:33','2002-07-14 05:10:41'),
('17','20','','1991-02-25 12:27:23','2019-01-14 09:19:29'),
('17','25','','1977-07-15 07:00:43','1990-08-29 19:29:31'),
('17','31','','1986-06-01 18:25:12','2008-10-07 05:56:34'),
('17','36','','2005-09-16 17:57:23','1981-09-09 13:24:44'),
('17','39','','1982-07-23 14:23:31','2003-09-27 16:46:34'),
('17','44','','2006-04-09 20:43:46','1982-10-24 11:21:21'),
('18','2','','1979-04-18 01:03:56','1987-05-06 18:17:19'),
('18','9','','2003-05-02 21:12:55','1993-02-11 08:48:09'),
('18','18','','2001-09-05 06:29:52','1980-08-18 09:56:34'),
('18','19','','2001-12-30 08:04:17','1977-02-03 13:36:49'),
('18','36','','1986-09-24 21:15:19','2008-12-03 05:25:42'),
('18','39','','2005-11-26 21:10:16','1997-05-12 16:33:58'),
('19','7','','1994-03-05 14:09:45','1986-03-29 07:27:06'),
('19','8','','2015-09-10 23:24:09','1980-02-07 13:05:18'),
('19','10','','1977-12-12 01:41:41','1980-09-13 13:48:20'),
('19','18','','1978-12-28 15:57:53','1995-05-19 23:14:07'),
('19','19','','1982-12-12 05:08:11','2010-07-23 05:39:06'),
('19','25','','2018-07-02 05:13:33','1980-04-11 20:54:02'),
('19','50','','1978-01-06 16:12:54','1992-12-01 21:25:01'),
('20','7','','1970-12-31 16:08:13','2009-12-22 23:59:17'),
('20','10','','1988-03-07 21:51:57','1997-02-12 08:10:23'),
('20','15','','2009-02-11 10:59:37','1971-10-20 10:00:54'),
('20','20','','2016-11-07 21:44:57','2009-07-16 13:46:36'),
('20','30','','2010-06-11 23:51:25','2019-01-03 12:26:28'),
('20','33','','2011-03-30 07:48:54','2014-06-06 04:19:12'),
('21','19','','2010-10-07 12:20:11','1983-05-31 05:32:05'),
('21','20','','2013-11-20 17:44:49','1979-01-19 04:55:20'),
('21','21','','1984-09-18 16:09:00','2005-06-11 11:25:34'),
('21','28','','1989-03-20 12:42:22','1994-07-23 21:39:57'),
('21','37','','1976-02-24 06:40:18','2000-12-12 09:36:48'),
('21','42','','2000-04-09 19:29:47','2004-04-08 15:35:27'),
('22','9','','1989-02-06 01:15:48','1994-11-21 08:12:08'),
('22','12','','2002-03-17 21:06:55','1976-08-29 12:26:34'),
('22','20','','1997-05-12 06:17:05','2010-11-09 08:13:31'),
('22','22','','2016-01-03 00:42:17','1979-03-10 04:06:54'),
('22','26','','1970-12-25 21:38:44','1981-11-26 22:33:45'),
('22','30','','2002-01-11 19:50:37','2014-12-06 22:41:15'),
('22','39','','2005-07-15 04:45:22','2007-02-05 04:26:04'),
('23','14','','1971-05-31 07:05:39','1991-03-04 18:45:42'),
('23','23','','2016-04-23 02:53:04','1993-08-19 17:12:59'),
('23','28','','2013-10-29 09:34:55','2012-05-31 21:48:58'),
('23','49','','1972-11-11 00:52:01','1974-11-12 01:00:03'),
('23','50','','1981-06-08 08:24:32','1981-09-16 11:31:36'),
('24','8','','1986-12-17 00:16:14','1989-04-24 17:08:25'),
('24','14','','1982-09-18 22:58:35','1998-03-13 18:48:28'),
('24','20','','2009-06-29 07:13:11','1987-10-27 18:35:36'),
('24','24','','2011-04-28 10:39:07','2012-09-16 06:29:30'),
('24','29','','1979-07-22 06:46:57','1993-05-31 20:36:34'),
('24','36','','1994-08-26 09:21:19','2010-12-05 00:07:54'),
('25','5','','2019-11-02 21:07:33','1988-05-12 17:27:37'),
('25','11','','1975-08-06 02:37:39','1972-12-05 23:51:11'),
('25','25','','1993-06-15 18:28:40','2011-04-02 09:41:16'),
('25','34','','2000-11-08 23:43:31','1997-10-16 23:54:51'),
('25','45','','2002-07-23 09:43:10','1993-03-14 11:50:44'),
('26','8','','1996-05-05 06:02:43','1995-01-27 05:35:09'),
('26','14','','2012-05-29 10:54:09','1980-03-08 03:50:11'),
('26','15','','1986-02-28 19:00:59','1976-08-18 18:39:34'),
('26','23','','1988-10-28 17:49:56','2014-12-03 17:09:55'),
('26','26','','1971-01-25 21:23:23','2001-12-29 08:43:19'),
('26','49','','1987-09-10 22:15:17','2008-04-15 02:17:21'),
('27','14','','1999-04-25 02:39:12','2016-08-27 03:01:52'),
('27','19','','2002-03-09 17:07:19','1991-07-30 13:27:07'),
('27','20','','1983-04-29 17:36:02','1997-07-10 20:34:11'),
('27','23','','2018-07-15 07:54:05','1970-11-24 18:35:36'),
('27','25','','1986-11-15 18:23:16','1975-12-08 05:12:38'),
('27','27','','1991-08-08 19:36:37','1996-03-19 10:34:49'),
('27','45','','1979-03-16 22:32:24','1996-07-06 03:12:32'),
('28','3','','1970-03-29 19:15:13','2015-12-19 21:44:56'),
('28','10','','1977-05-15 08:12:49','1972-04-06 14:43:05'),
('28','14','','2010-05-16 02:56:10','2018-12-25 19:44:28'),
('28','15','','2016-06-30 15:58:10','1989-05-02 16:18:17'),
('28','26','','2003-10-21 20:26:31','1991-09-19 05:35:24'),
('28','28','','1976-01-16 07:52:00','1974-11-17 14:05:39'),
('28','40','','2020-01-01 00:47:33','1972-06-09 15:26:26'),
('28','48','','1982-02-12 17:07:46','1980-05-26 03:26:04'),
('29','19','','2010-04-30 03:30:34','2012-08-15 07:41:13'),
('29','24','','2017-05-07 00:57:43','1982-02-06 14:26:39'),
('29','29','','2013-11-26 19:54:53','2014-12-08 18:42:17'),
('29','35','','1974-04-07 08:56:47','1983-05-29 10:33:47'),
('29','36','','2010-04-03 08:00:56','2000-01-20 21:00:47'),
('29','44','','1998-07-10 14:41:18','1982-06-27 04:58:03'),
('29','50','','2006-03-06 03:08:50','1974-06-06 22:57:30'),
('30','7','','2008-08-03 00:10:59','2011-07-07 05:06:02'),
('30','16','','1992-08-19 22:16:44','1986-06-27 16:59:07'),
('30','20','','2018-09-02 10:53:38','2008-03-16 16:28:57'),
('30','23','','1976-10-10 05:30:30','1998-03-16 11:14:09'),
('30','30','','1984-12-11 17:30:26','1992-04-02 07:57:45'),
('30','35','','2005-03-22 14:14:03','1981-12-17 19:02:46'),
('30','36','','1996-12-30 17:35:43','2003-06-19 05:33:20'),
('30','48','','1974-06-12 16:44:37','1986-01-25 08:18:45'),
('31','1','','1972-07-04 11:47:03','2007-01-07 01:27:31'),
('31','13','','2005-02-24 20:58:55','1973-11-03 18:43:38'),
('31','23','','1989-01-30 19:30:10','2004-04-18 22:14:55'),
('31','31','','2018-09-19 13:46:40','1991-09-22 18:12:20'),
('31','50','','1998-08-01 05:47:45','1997-01-13 13:02:36'),
('32','10','','1996-08-04 18:58:01','1975-06-04 18:36:48'),
('32','32','','2014-08-13 22:38:50','1979-02-04 11:38:50'),
('32','33','','1998-05-22 07:14:02','1975-06-28 20:51:49'),
('32','36','','1979-10-20 17:30:19','2016-07-23 13:52:04'),
('32','41','','1996-09-12 06:51:16','2013-04-12 15:31:23'),
('32','43','','2000-01-03 22:50:04','2008-10-10 15:05:39'),
('32','48','','1975-02-19 19:11:59','1987-12-03 20:18:26'),
('33','10','','1981-09-14 06:52:04','1994-03-21 17:32:43'),
('33','11','','2011-03-08 00:51:29','1978-08-24 07:14:13'),
('33','18','','2015-10-21 21:10:27','2000-10-28 21:02:25'),
('33','23','','2012-12-12 00:54:44','1984-06-15 00:35:53'),
('33','33','','1987-04-03 06:53:16','1982-08-14 22:29:41'),
('33','35','','2003-07-21 19:41:51','1993-11-27 12:30:50'),
('34','15','','1995-03-22 08:24:49','2001-10-07 13:21:55'),
('34','16','','1972-09-21 20:04:10','1977-09-06 17:21:04'),
('34','22','','1986-10-28 18:20:19','2011-02-28 04:17:28'),
('34','23','','2005-11-14 18:57:01','1986-01-30 19:16:17'),
('34','34','','1977-02-09 10:16:20','2007-01-23 22:53:21'),
('34','37','','2003-03-25 21:14:30','2015-08-04 07:42:36'),
('34','46','','2015-01-31 12:29:36','1995-11-27 17:55:19'),
('35','7','','1997-12-05 05:35:43','2008-02-18 07:15:13'),
('35','9','','2000-07-21 06:22:44','2019-04-16 07:59:22'),
('35','11','','2011-09-22 14:32:32','1977-12-23 11:35:48'),
('35','15','','1983-10-16 01:16:05','2004-03-12 22:36:11'),
('35','21','','1997-11-23 04:21:35','1978-09-28 21:05:49'),
('35','33','','1999-03-16 21:12:03','1991-04-07 12:00:11'),
('35','35','','1997-05-05 13:08:13','2008-10-28 05:23:33'),
('36','2','','2012-07-28 20:05:59','2013-10-01 06:04:56'),
('36','4','','2018-03-31 01:29:41','1998-12-27 15:32:46'),
('36','11','','2010-04-12 11:53:56','2003-05-16 00:13:59'),
('36','12','','1981-02-12 01:54:15','1979-05-13 09:54:06'),
('36','36','','1983-08-23 17:18:03','2004-05-17 02:17:17'),
('36','48','','1992-04-23 07:26:50','2000-09-06 00:01:52'),
('37','4','','1981-07-07 05:34:43','1993-02-15 15:46:02'),
('37','8','','2018-01-04 10:31:15','1977-03-30 04:54:35'),
('37','34','','2010-10-09 00:00:31','1975-06-13 02:55:28'),
('37','37','','1970-02-08 20:38:59','2019-02-19 20:19:51'),
('37','41','','2018-03-16 00:39:52','2019-10-09 13:35:37'),
('37','47','','2003-09-21 12:23:38','2007-03-04 17:19:04'),
('38','7','','1980-03-17 22:01:06','2017-04-28 03:49:19'),
('38','26','','2017-09-25 09:07:19','2002-06-03 12:22:53'),
('38','31','','1972-06-25 09:15:16','1999-11-09 10:59:44'),
('38','38','','1989-09-21 20:49:32','2003-12-08 17:07:09'),
('38','42','','1983-08-06 23:11:23','1975-03-03 19:08:00'),
('38','50','','1974-04-26 15:17:41','1988-03-13 10:48:53'),
('39','12','','1979-01-28 07:09:44','1984-12-01 22:14:23'),
('39','17','','1986-01-08 15:59:47','2012-11-16 00:07:11'),
('39','18','','1977-01-25 16:35:28','2019-08-06 12:50:57'),
('39','39','','1978-01-17 17:15:59','1992-08-29 08:08:48'),
('39','41','','1987-01-13 12:45:58','1990-10-19 02:16:28'),
('40','2','','1974-08-04 13:06:04','1980-11-12 04:03:53'),
('40','3','','2011-05-19 00:53:39','1989-05-15 21:41:16'),
('40','4','','2015-11-21 16:36:32','1981-05-15 16:24:56'),
('40','5','','2000-01-08 04:56:15','1997-07-25 05:19:19'),
('40','12','','2013-01-08 22:05:17','2003-09-01 18:38:48'),
('40','20','','1971-03-09 19:07:31','2012-06-19 09:39:32'),
('40','26','','2016-12-01 09:42:05','2000-10-02 20:03:38'),
('40','40','','1974-03-18 16:23:16','1995-09-21 23:54:38'),
('41','2','','2004-12-10 22:45:26','1994-01-13 20:07:48'),
('41','8','','1970-08-19 19:49:39','1990-06-04 22:42:16'),
('41','17','','1986-12-22 00:53:59','1996-05-18 11:26:10'),
('41','18','','1977-03-01 10:48:46','2016-07-02 18:05:25'),
('41','26','','2003-10-26 02:54:37','2004-07-15 09:08:33'),
('41','36','','1972-12-13 07:44:27','1993-07-20 17:29:52'),
('41','37','','2008-07-31 14:28:23','2019-05-28 03:05:15'),
('41','41','','1986-03-18 18:59:16','2001-12-07 03:59:00'),
('41','45','','1984-06-07 02:20:01','1993-02-19 00:19:52'),
('42','1','','1987-04-15 20:48:27','1984-02-16 21:40:48'),
('42','14','','1976-05-24 23:09:50','1987-10-28 06:05:10'),
('42','29','','1979-09-07 14:47:13','1993-06-18 22:08:13'),
('42','32','','2006-05-07 10:34:55','1986-06-17 13:05:41'),
('42','42','','1991-08-11 05:35:23','2010-07-01 13:06:35'),
('42','44','','1983-03-26 02:24:25','2000-10-30 08:15:36'),
('42','46','','1973-06-14 06:16:50','2000-07-08 03:35:01'),
('43','20','','1981-07-13 21:08:53','1980-10-26 13:32:41'),
('43','37','','1974-12-30 05:47:03','1977-08-10 17:57:10'),
('43','38','','1996-04-04 02:01:25','1987-08-02 04:23:34'),
('43','43','','2010-12-28 16:31:57','2012-06-09 08:21:35'),
('44','15','','1987-08-30 11:27:20','2017-08-27 20:13:21'),
('44','22','','1980-11-15 08:36:06','2009-09-09 07:38:20'),
('44','30','','1994-01-10 22:38:26','1999-09-16 20:13:00'),
('44','37','','1992-09-30 21:54:07','1975-01-20 03:19:43'),
('44','44','','1972-08-12 06:18:29','1971-02-13 11:06:21'),
('45','12','','1984-02-02 22:45:50','1989-11-03 10:22:48'),
('45','30','','2017-12-09 05:47:11','2005-01-07 17:08:29'),
('45','34','','2016-04-01 02:16:02','1988-10-26 08:33:09'),
('45','37','','1971-06-26 23:58:22','1993-11-12 23:44:38'),
('45','42','','1988-09-26 07:44:34','1989-12-02 11:56:23'),
('45','45','','2012-01-09 15:04:49','1975-06-01 07:51:21'),
('46','1','','1997-12-23 20:17:48','2007-08-30 01:51:45'),
('46','12','','2012-02-06 12:05:38','2011-04-04 16:34:12'),
('46','13','','1980-09-19 04:32:19','1979-06-24 05:26:53'),
('46','15','','1979-08-02 07:33:37','1976-01-13 10:16:54'),
('46','17','','1972-08-06 14:15:07','1987-06-26 00:37:27'),
('46','33','','1985-06-21 20:33:23','1980-01-01 06:48:05'),
('46','42','','1980-04-23 11:43:01','2013-05-05 05:46:25'),
('46','46','','2012-04-14 12:59:22','1998-05-08 08:15:30'),
('46','47','','1989-01-08 06:35:11','2017-12-16 19:53:49'),
('47','5','','1986-09-23 02:31:51','1984-09-17 02:09:41'),
('47','19','','1971-10-14 07:51:56','2006-08-22 04:27:46'),
('47','31','','2000-10-01 11:36:17','1991-10-17 17:35:06'),
('47','47','','1972-06-21 18:11:29','1991-08-23 16:45:30'),
('47','48','','2002-07-14 08:44:16','2017-12-22 13:36:09'),
('48','8','','1997-07-19 18:07:43','1970-12-06 02:04:48'),
('48','9','','2019-07-07 08:43:29','1974-03-12 08:37:57'),
('48','18','','2003-07-27 01:13:31','1990-02-15 05:36:05'),
('48','22','','2000-10-30 06:28:56','1994-07-30 17:25:37'),
('48','30','','2015-07-15 06:26:08','2003-07-03 04:16:47'),
('48','32','','2010-03-10 03:16:42','1977-07-25 14:26:29'),
('48','42','','1993-05-19 16:18:41','1997-01-17 10:24:34'),
('48','48','','1988-09-30 22:02:59','1971-02-02 01:04:52'),
('49','1','','1973-07-31 07:54:37','2016-03-24 11:17:36'),
('49','4','','2018-06-07 16:12:16','2002-04-18 05:01:00'),
('49','10','','1992-10-10 23:43:41','2018-01-18 05:29:33'),
('49','14','','2006-07-28 23:33:34','1999-12-31 22:21:19'),
('49','25','','2006-02-25 06:28:05','2012-06-16 17:33:39'),
('49','39','','1992-02-18 19:55:04','2018-08-26 20:44:45'),
('49','49','','1972-08-26 20:45:17','1989-01-01 04:33:06'),
('50','4','','1974-11-02 05:58:31','1993-08-19 04:07:34'),
('50','6','','2001-03-25 07:32:46','1995-11-22 02:04:30'),
('50','7','','1973-01-30 18:00:56','2014-01-13 16:39:05'),
('50','8','','1996-08-04 20:45:24','1980-01-23 11:47:10'),
('50','21','','1984-04-26 02:19:56','2004-10-01 21:32:28'),
('50','37','','1997-06-21 11:41:48','1989-05-13 15:26:29'),
('50','49','','2004-10-14 22:37:23','2014-07-28 13:58:22'),
('50','50','','1984-05-10 00:42:13','1976-01-03 14:07:59'); 


DROP TABLE IF EXISTS `likes`;
CREATE TABLE `likes` (
  `id` bigint(20) unsigned NOT NULL AUTO_INCREMENT,
  `user_id` bigint(20) unsigned NOT NULL,
  `media_id` bigint(20) unsigned NOT NULL,
  `created_at` datetime DEFAULT current_timestamp(),
  PRIMARY KEY (`id`),
  KEY `user_id` (`user_id`),
  KEY `media_id` (`media_id`),
  CONSTRAINT `likes_ibfk_1` FOREIGN KEY (`user_id`) REFERENCES `users` (`id`),
  CONSTRAINT `likes_ibfk_2` FOREIGN KEY (`media_id`) REFERENCES `media` (`id`)
) ENGINE=InnoDB AUTO_INCREMENT=501 DEFAULT CHARSET=utf8 COLLATE=utf8_unicode_ci;

INSERT INTO `likes` VALUES ('401','1','1','2014-06-11 06:17:10'),
('402','2','2','1973-03-31 08:55:23'),
('403','3','3','2013-09-26 15:06:52'),
('404','4','4','2014-12-06 08:58:52'),
('405','5','5','2000-11-26 14:10:07'),
('406','6','6','1978-05-24 15:19:01'),
('407','7','7','2001-05-04 11:11:10'),
('408','8','8','2015-12-27 20:45:41'),
('409','9','9','1982-11-11 02:13:33'),
('410','10','10','1987-09-12 18:53:40'),
('411','11','11','1974-05-19 02:50:51'),
('412','12','12','2016-10-24 08:40:39'),
('413','13','13','1980-07-07 12:38:54'),
('414','14','14','1982-11-01 08:04:01'),
('415','15','15','2001-03-26 02:38:27'),
('416','16','16','1991-09-10 02:05:59'),
('417','17','17','1978-04-29 19:47:42'),
('418','18','18','1989-05-06 18:26:34'),
('419','19','19','1983-07-14 04:34:08'),
('420','20','20','1980-11-24 08:22:30'),
('421','21','21','1983-12-30 07:10:06'),
('422','22','22','1998-07-22 05:22:05'),
('423','23','23','2010-09-06 03:52:51'),
('424','24','24','1977-11-07 02:04:30'),
('425','25','25','1997-03-24 00:15:22'),
('426','26','26','1986-08-02 22:47:26'),
('427','27','27','1994-09-04 01:29:54'),
('428','28','28','1993-07-05 22:51:17'),
('429','29','29','1976-09-03 10:19:54'),
('430','30','30','1999-07-09 22:58:51'),
('431','31','31','1987-01-15 18:39:20'),
('432','32','32','2013-06-18 00:19:14'),
('433','33','33','1986-07-03 03:56:10'),
('434','34','34','1997-12-07 23:52:57'),
('435','35','35','2013-10-31 18:09:57'),
('436','36','36','2002-10-30 03:19:13'),
('437','37','37','1971-04-21 16:46:31'),
('438','38','38','1970-12-10 11:50:40'),
('439','39','39','2015-03-22 06:25:21'),
('440','40','40','2004-05-27 19:07:05'),
('441','41','41','2006-10-19 19:30:27'),
('442','42','42','1974-02-21 08:19:08'),
('443','43','43','2013-12-30 03:05:33'),
('444','44','44','2002-03-17 01:28:25'),
('445','45','45','2001-01-17 05:04:42'),
('446','46','46','2018-02-20 09:44:52'),
('447','47','47','1982-04-28 09:52:03'),
('448','48','48','1988-03-15 11:40:12'),
('449','49','49','1996-04-21 18:36:39'),
('450','50','50','2009-05-22 14:17:28'),
('451','1','51','2005-08-03 07:36:48'),
('452','2','52','2006-08-01 03:07:10'),
('453','3','53','1994-12-30 20:04:25'),
('454','4','54','2012-04-23 02:27:48'),
('455','5','55','1989-01-28 18:34:38'),
('456','6','56','1981-08-22 14:07:07'),
('457','7','57','1972-04-25 00:28:12'),
('458','8','58','1976-03-11 11:48:26'),
('459','9','59','1998-02-23 20:54:46'),
('460','10','60','2002-05-16 10:21:30'),
('461','11','61','2016-10-24 18:53:12'),
('462','12','62','2014-12-27 16:27:58'),
('463','13','63','1985-11-26 11:39:00'),
('464','14','64','1974-01-06 10:15:46'),
('465','15','65','2009-12-13 05:01:12'),
('466','16','66','1994-02-28 17:36:27'),
('467','17','67','2004-07-05 02:55:10'),
('468','18','68','1973-09-28 05:43:32'),
('469','19','69','1999-11-21 15:27:28'),
('470','20','70','1976-07-27 04:25:12'),
('471','21','71','2011-01-22 23:24:17'),
('472','22','72','2017-08-10 15:35:11'),
('473','23','73','2012-01-02 22:54:20'),
('474','24','74','1990-09-19 06:45:26'),
('475','25','75','1992-03-24 06:13:08'),
('476','26','76','2014-01-09 22:04:21'),
('477','27','77','1998-01-08 19:59:31'),
('478','28','78','1972-03-03 12:58:58'),
('479','29','79','2004-10-06 16:47:28'),
('480','30','80','1974-09-19 21:07:24'),
('481','31','81','1977-10-30 19:07:45'),
('482','32','82','2015-02-27 16:32:30'),
('483','33','83','2014-01-06 01:23:13'),
('484','34','84','2008-10-10 06:22:53'),
('485','35','85','1998-03-17 22:03:29'),
('486','36','86','1996-01-24 23:29:27'),
('487','37','87','1984-11-24 06:15:41'),
('488','38','88','1983-02-21 15:10:08'),
('489','39','89','2001-07-01 11:33:03'),
('490','40','90','2009-05-10 20:16:34'),
('491','41','91','1971-08-05 10:42:32'),
('492','42','92','1993-01-30 00:39:08'),
('493','43','93','2003-02-19 23:32:48'),
('494','44','94','2014-05-16 04:23:33'),
('495','45','95','2018-01-02 22:49:22'),
('496','46','96','2010-08-28 07:59:23'),
('497','47','97','1992-11-20 17:05:39'),
('498','48','98','1970-06-16 06:58:29'),
('499','49','99','1972-07-03 20:19:40'),
('500','50','100','1991-06-15 11:04:42'); 


DROP TABLE IF EXISTS `media`;
CREATE TABLE `media` (
  `id` bigint(20) unsigned NOT NULL AUTO_INCREMENT,
  `media_type_id` bigint(20) unsigned NOT NULL,
  `user_id` bigint(20) unsigned NOT NULL,
  `body` text COLLATE utf8_unicode_ci DEFAULT NULL,
  `filename` varchar(255) COLLATE utf8_unicode_ci DEFAULT NULL,
  `size` int(11) DEFAULT NULL,
  `metadata` longtext CHARACTER SET utf8mb4 COLLATE utf8mb4_bin DEFAULT NULL,
  `created_at` datetime DEFAULT current_timestamp(),
  `updated_at` datetime DEFAULT current_timestamp() ON UPDATE current_timestamp(),
  PRIMARY KEY (`id`),
  KEY `user_id` (`user_id`),
  KEY `media_type_id` (`media_type_id`),
  CONSTRAINT `media_ibfk_1` FOREIGN KEY (`user_id`) REFERENCES `users` (`id`),
  CONSTRAINT `media_ibfk_2` FOREIGN KEY (`media_type_id`) REFERENCES `media_types` (`id`)
) ENGINE=InnoDB AUTO_INCREMENT=101 DEFAULT CHARSET=utf8 COLLATE=utf8_unicode_ci;

INSERT INTO `media` VALUES ('1','7','5','Hic ipsa amet autem molestiae.','unde','632472278','VERY deeply with a knife, it usually bleeds; and she told her sister, as well as she could, and waited till she was beginning very angrily, but the Hatter said, turning to the shore. CHAPTER III. A.','1987-01-26 10:57:40','2008-08-10 14:00:01'),
('2','6','1','Autem necessitatibus accusamus laudantium ea quas animi reprehenderit nihil.','mollitia','465148995','Hatter instead!\' CHAPTER VII. A Mad Tea-Party There was exactly the right house, because the chimneys were shaped like ears and whiskers, how late it\'s getting!\' She was looking about for it, he was.','1998-12-27 06:12:43','1981-07-30 22:00:49'),
('3','3','23','Aperiam iusto illo autem nam nobis.','alias','328019077','Hardly knowing what she was now about two feet high: even then she had got so close to her that she hardly knew what she was coming back to the fifth bend, I think?\' he said do. Alice looked down at.','2014-11-16 01:35:28','2009-05-02 19:23:30'),
('4','7','1','Error voluptatem dolores voluptate consectetur reprehenderit asperiores odit.','a','386112836','She was close behind us, and he\'s treading on my tail. See how eagerly the lobsters to the Gryphon. Alice did not like to drop the jar for fear of their wits!\' So she set to work at once crowded.','2000-10-06 02:24:19','1996-08-05 08:38:23'),
('5','9','4','Fuga eum voluptatem tenetur rerum reprehenderit.','rerum','102531825','CHAPTER V. Advice from a Caterpillar The Caterpillar was the Hatter. He came in sight of the Mock Turtle; \'but it doesn\'t matter a bit,\' said the Hatter. \'Stolen!\' the King added in an encouraging.','2009-06-08 11:05:08','2009-03-21 20:49:28'),
('6','9','4','Consequuntur doloremque ut libero sed nesciunt.','ratione','279143954','Besides, SHE\'S she, and I\'m I, and--oh dear, how puzzling it all is! I\'ll try and say \"How doth the little--\"\' and she heard the Queen had never done such a tiny little thing!\' It did so indeed, and.','2011-03-06 21:54:28','1980-11-10 13:48:12'),
('7','4','15','Excepturi ut quo mollitia nihil.','eos','668347090','Dinah, and saying to herself, for she felt sure it would like the right way to change the subject,\' the March Hare went \'Sh! sh!\' and the two creatures, who had followed him into the teapot. \'At any.','2007-09-16 17:48:07','1972-10-15 07:55:45'),
('8','2','12','Ea est illum aperiam.','enim','243476201','Alice had no reason to be lost: away went Alice like the look of the crowd below, and there stood the Queen had only one way of speaking to a mouse: she had got its head impatiently, and walked a.','1971-12-25 13:27:37','1981-01-01 01:43:25'),
('9','10','28','Sapiente quia nam et odit et aliquam sapiente inventore.','ducimus','739908845','Five, in a ring, and begged the Mouse was speaking, and this he handed over to herself, \'I don\'t quite understand you,\' she said, \'and see whether it\'s marked \"poison\" or not\'; for she thought, and.','2004-12-18 21:15:08','2017-06-27 23:42:36'),
('10','2','12','Est a necessitatibus corrupti veritatis architecto voluptate voluptatem.','quidem','358691130','I suppose, by being drowned in my life!\' Just as she spoke. (The unfortunate little Bill had left off sneezing by this very sudden change, but she did so, very carefully, with one eye; but to get.','2010-06-07 11:51:01','1992-04-26 19:05:21'),
('11','2','40','Consectetur esse placeat ut saepe laborum qui est.','amet','841678411','Alice, and tried to speak, and no more of the bread-and-butter. Just at this moment the door and found that it was a paper label, with the next witness!\' said the Caterpillar. \'Not QUITE right, I\'m.','2012-01-13 04:04:42','1995-02-02 07:34:56'),
('12','4','10','Itaque suscipit recusandae facere accusamus rerum voluptatem a.','nihil','843640513','PLEASE mind what you\'re at!\" You know the song, she kept tossing the baby violently up and picking the daisies, when suddenly a White Rabbit was still in existence; \'and now for the fan and a sad.','1997-12-19 10:57:07','2009-02-26 16:06:22'),
('13','2','19','Sunt non fugit aperiam libero reiciendis.','quas','663931334','She was walking hand in hand with Dinah, and saying to her in such confusion that she had but to her very much pleased at having found out a history of the trial.\' \'Stupid things!\' Alice began to.','1978-09-07 21:30:05','1991-11-18 03:16:52'),
('14','2','44','Incidunt facilis magnam et laborum animi molestiae molestias.','error','755981022','Caterpillar, and the Queen, pointing to the garden with one eye; but to her in a great hurry. An enormous puppy was looking up into the sea, \'and in that ridiculous fashion.\' And he got up this.','2011-06-14 21:36:01','1970-10-29 00:32:12'),
('15','3','10','Nisi dolor et numquam dolorem cupiditate dignissimos iure.','non','371742736','I think--\' (she was so long since she had not as yet had any sense, they\'d take the roof bear?--Mind that loose slate--Oh, it\'s coming down! Heads below!\' (a loud crash)--\'Now, who did that?--It was.','2019-10-06 10:28:11','2002-02-16 21:11:19'),
('16','10','44','Quos placeat ab ut minima et at.','commodi','952975636','Queen. First came ten soldiers carrying clubs; these were all writing very busily on slates. \'What are they made of?\' Alice asked in a great hurry. An enormous puppy was looking at the bottom of a.','1976-08-24 04:34:04','1982-09-25 01:46:52'),
('17','3','29','Illum quidem itaque repudiandae.','neque','89478163','White Rabbit cried out, \'Silence in the middle. Alice kept her eyes to see the Queen. \'Can you play croquet with the game,\' the Queen of Hearts, and I could let you out, you know.\' \'And what are.','1972-06-14 22:47:43','2013-03-08 05:18:10'),
('18','9','27','Occaecati sed eos deserunt dolores optio.','et','491692758','The Knave did so, and were resting in the pool rippling to the puppy; whereupon the puppy jumped into the garden with one eye, How the Owl and the fall was over. However, when they met in the sky..','1999-12-22 14:14:50','2005-04-20 06:15:02'),
('19','1','28','Autem molestias rerum voluptas veniam est enim laudantium.','quibusdam','194450718','Dodo, a Lory and an Eaglet, and several other curious creatures. Alice led the way, and then nodded. \'It\'s no use in saying anything more till the puppy\'s bark sounded quite faint in the chimney.','1997-10-09 12:27:48','1975-06-29 01:59:26'),
('20','6','44','Dolores quam saepe porro debitis quam.','in','975441020','Alice, (she had grown in the other. In the very tones of her voice. Nobody moved. \'Who cares for fish, Game, or any other dish? Who would not open any of them. \'I\'m sure those are not the smallest.','1984-03-21 15:41:33','1999-12-06 21:36:03'),
('21','7','17','Ab saepe et et totam unde fugit.','distinctio','943402603','Who would not allow without knowing how old it was, and, as the March Hare went on. \'Would you tell me, Pat, what\'s that in the world! Oh, my dear paws! Oh my fur and whiskers! She\'ll get me.','2010-06-01 19:16:52','1983-03-31 12:14:09'),
('22','10','49','Rerum aut ut esse perspiciatis.','vero','570147103','Alice very humbly: \'you had got its neck nicely straightened out, and was a bright brass plate with the Queen shrieked out. \'Behead that Dormouse! Turn that Dormouse out of its voice. \'Back to land.','1997-09-13 07:08:35','2003-06-21 19:15:37'),
('23','7','6','Sunt est expedita aut commodi est nemo.','quis','572347653','Eaglet, and several other curious creatures. Alice led the way, was the Cat remarked. \'Don\'t be impertinent,\' said the Pigeon; \'but if they do, why then they\'re a kind of thing never happened, and.','1970-08-05 05:52:13','2018-12-16 09:35:20'),
('24','2','29','Et rerum quis amet labore voluptas aut.','est','536319489','Alice did not like to be full of tears, but said nothing. \'Perhaps it hasn\'t one,\' Alice ventured to say. \'What is it?\' The Gryphon lifted up both its paws in surprise. \'What! Never heard of.','1971-09-24 15:44:23','2007-10-12 06:39:32'),
('25','7','17','Quis quas cumque autem commodi sed.','id','934716106','The Duchess took no notice of her voice, and the three gardeners instantly threw themselves flat upon their faces, and the Queen was in the sea, though you mayn\'t believe it--\' \'I never went to the.','1980-02-05 07:57:15','2008-02-08 03:29:45'),
('26','9','42','Necessitatibus aut ut et vel distinctio in qui voluptatum.','eligendi','596332207','Dormouse again, so violently, that she did not look at the stick, and made believe to worry it; then Alice dodged behind a great hurry; \'this paper has just been reading about; and when she had.','1979-10-21 05:11:49','2004-07-20 11:34:08'),
('27','2','8','Esse et delectus ratione rerum eos.','quae','696733571','Wonderland, though she felt unhappy. \'It was much pleasanter at home,\' thought poor Alice, and she hurried out of its little eyes, but it puzzled her a good deal frightened by this time, and was.','2018-09-18 22:47:14','1983-09-03 00:55:48'),
('28','1','12','Sed cumque fuga numquam veritatis sint eos similique repellendus.','voluptas','42721230','Sir, With no jury or judge, would be like, but it is.\' \'I quite agree with you,\' said the Caterpillar. \'Is that the way the people near the house of the cakes, and was suppressed. \'Come, that.','2009-05-27 03:20:17','2014-06-06 06:28:22'),
('29','6','11','Hic delectus earum asperiores ex tenetur non.','quia','1757451','II. The Pool of Tears \'Curiouser and curiouser!\' cried Alice hastily, afraid that it would make with the Queen said--\' \'Get to your tea; it\'s getting late.\' So Alice began to feel a little hot tea.','1979-02-24 02:07:40','1979-01-19 00:16:57'),
('30','2','36','Nisi est ducimus consequatur nam.','quidem','271609179','I can say.\' This was quite surprised to see if she were saying lessons, and began to repeat it, when a sharp hiss made her feel very uneasy: to be no use now,\' thought Alice, \'it\'ll never do to ask:.','1997-01-27 05:00:26','2004-10-11 21:12:10'),
('31','4','5','Minima perspiciatis consectetur sequi est.','harum','690216324','Which brought them back again to the end: then stop.\' These were the cook, and a sad tale!\' said the Caterpillar. This was such a dear little puppy it was!\' said Alice, who was gently brushing away.','2009-09-10 06:33:33','1998-03-20 03:51:18'),
('32','6','34','Quia soluta repudiandae sit voluptatum inventore fuga.','et','849172256','I mentioned before, And have grown most uncommonly fat; Yet you turned a back-somersault in at once.\' And in she went. Once more she found that her flamingo was gone in a tone of great relief. \'Call.','2013-06-09 09:29:34','1993-03-11 02:24:03'),
('33','7','24','Sequi nam repellendus et non quia laboriosam.','et','650688169','Lory, with a great deal of thought, and looked along the passage into the garden, called out as loud as she stood watching them, and then she heard the Rabbit in a day or two: wouldn\'t it be of very.','2002-09-12 04:03:25','1983-05-02 00:46:56'),
('34','2','36','Vero corporis voluptate aliquam accusantium qui praesentium aut.','ut','192673398','Alice! when she heard her voice close to them, and just as well say,\' added the Queen. \'Their heads are gone, if it likes.\' \'I\'d rather not,\' the Cat said, waving its right paw round, \'lives a March.','1972-11-10 07:04:09','2000-12-05 10:49:38'),
('35','1','36','Culpa et sed sunt iure.','atque','233373075','Caterpillar contemptuously. \'Who are YOU?\' Which brought them back again to the Mock Turtle\'s Story \'You can\'t think how glad I am in the chimney close above her: then, saying to herself as she fell.','2007-05-23 02:20:44','1996-12-24 04:59:34'),
('36','6','33','Eum doloribus cumque et.','voluptates','975970033','There seemed to have any rules in particular; at least, if there are, nobody attends to them--and you\'ve no idea what you\'re doing!\' cried Alice, jumping up in a dreamy sort of life! I do hope it\'ll.','2002-03-11 04:05:45','1987-10-10 23:04:56'),
('37','1','25','Autem reprehenderit modi quae consequatur cum quod cupiditate cupiditate.','vel','11172189','Alice. \'Who\'s making personal remarks now?\' the Hatter grumbled: \'you shouldn\'t have put it to be a Caucus-race.\' \'What IS a Caucus-race?\' said Alice; \'all I know all the way I ought to speak, and.','2019-02-21 16:19:13','2016-12-20 13:26:43'),
('38','7','35','Error reprehenderit animi in consequuntur.','saepe','315752955','Alice. \'It must have got into it), and sometimes shorter, until she made her draw back in their mouths--and they\'re all over their shoulders, that all the jurymen are back in a natural way. \'I.','1982-04-26 08:55:59','2018-06-14 09:35:08'),
('39','7','42','Deserunt sunt occaecati autem magnam.','ea','825841900','Mouse, who was beginning to write with one eye; but to get into the air, I\'m afraid, sir\' said Alice, swallowing down her flamingo, and began by taking the little door, had vanished completely. Very.','1995-04-16 00:58:51','1997-05-22 15:50:03'),
('40','3','14','Pariatur perspiciatis quidem eum rerum.','nostrum','350742764','I\'m not looking for them, but they were filled with cupboards and book-shelves; here and there. There was a large flower-pot that stood near the right size again; and the executioner ran wildly up.','1996-08-11 19:12:40','1991-02-25 04:50:11'),
('41','2','4','Quod doloremque sed dignissimos eaque facere commodi.','voluptas','200682017','Alice, and she dropped it hastily, just in time to begin again, it was perfectly round, she came suddenly upon an open place, with a bound into the jury-box, and saw that, in her hands, and was.','2018-03-13 00:54:52','2002-10-02 15:33:24'),
('42','1','15','Fugiat consequatur reiciendis nam cum voluptatem.','at','633389479','The only things in the middle, being held up by two guinea-pigs, who were all crowded round her head. \'If I eat or drink anything; so I\'ll just see what would happen next. \'It\'s--it\'s a very curious.','1981-07-26 10:51:06','1976-09-27 23:17:21'),
('43','3','6','Sunt quia natus qui vel facilis rerum tempora.','asperiores','718132924','Alice heard the Rabbit came near her, she began, rather timidly, saying to her very much what would happen next. First, she tried the roots of trees, and I\'ve tried hedges,\' the Pigeon in a shrill,.','1975-08-08 19:17:10','2005-07-25 18:33:24'),
('44','6','37','Quam vitae minus beatae veritatis.','aut','779723143','Alice timidly. \'Would you tell me, please, which way it was all dark overhead; before her was another puzzling question; and as for the rest of the cakes, and was surprised to find that she tipped.','1978-06-15 03:37:34','1992-09-22 21:56:35'),
('45','4','32','Qui qui odit natus numquam aut aliquid.','aut','635129434','YOUR table,\' said Alice; \'all I know THAT well enough; and what does it matter to me whether you\'re nervous or not.\' \'I\'m a poor man, your Majesty,\' said the Dormouse, who was reading the list of.','2012-11-01 21:13:37','2002-09-05 09:13:14'),
('46','5','35','Voluptas vel eum molestias est aut.','et','303778891','Caterpillar decidedly, and there was generally a ridge or furrow in the last word with such a curious feeling!\' said Alice; \'I can\'t remember half of them--and it belongs to a mouse: she had hoped).','2017-08-29 09:04:33','2007-11-30 19:52:22'),
('47','8','2','Incidunt sit amet placeat inventore magni commodi ea.','sit','17873062','However, I\'ve got back to my boy, I beat him when he pleases!\' CHORUS. \'Wow! wow! wow!\' \'Here! you may nurse it a little pattering of feet in the act of crawling away: besides all this, there was no.','1998-03-14 14:23:09','1980-04-25 23:01:17'),
('48','4','20','Repudiandae quia vel perspiciatis consequatur vel et.','facilis','790598334','It means much the same tone, exactly as if it wasn\'t very civil of you to leave it behind?\' She said the King, going up to her great disappointment it was neither more nor less than no time to avoid.','1997-04-04 13:43:35','1999-05-31 02:58:07'),
('49','6','28','Quas sequi autem iusto vitae reiciendis.','id','775795074','I COULD NOT SWIM--\" you can\'t help it,\' she thought, and it was quite a conversation of it at all; and I\'m sure I don\'t put my arm round your waist,\' the Duchess by this time.) \'You\'re nothing but.','2001-03-04 18:21:13','1984-09-11 15:20:28'),
('50','1','27','Ab esse ipsam qui eaque in asperiores modi.','quaerat','137063150','Queen. \'Sentence first--verdict afterwards.\' \'Stuff and nonsense!\' said Alice very humbly: \'you had got so close to her feet as the question was evidently meant for her. \'Yes!\' shouted Alice. \'Come.','1985-12-24 16:52:07','1991-10-03 23:36:01'),
('51','3','33','Ab voluptatum ut consectetur laboriosam maxime.','provident','215013963','Sir, With no jury or judge, would be a walrus or hippopotamus, but then she noticed a curious feeling!\' said Alice; \'that\'s not at all a pity. I said \"What for?\"\' \'She boxed the Queen\'s voice in the.','1981-04-03 19:59:29','2014-07-09 17:32:38'),
('52','2','16','Officia mollitia rerum provident eum reiciendis unde debitis.','illo','209220320','I growl when I\'m pleased, and wag my tail when I\'m pleased, and wag my tail when I\'m angry. Therefore I\'m mad.\' \'I call it sad?\' And she began again. \'I should like to show you! A little bright-eyed.','2018-08-29 12:04:31','2010-05-30 10:38:54'),
('53','2','41','Et iusto dolorem qui et quia.','ad','677424830','Alice, \'to pretend to be managed? I suppose it doesn\'t understand English,\' thought Alice; but she did not like to be listening, so she went on, \'you throw the--\' \'The lobsters!\' shouted the Queen.','1970-03-21 15:12:01','1974-05-29 06:59:04'),
('54','10','38','Cupiditate inventore vitae omnis.','dolor','396861610','Now you know.\' \'I DON\'T know,\' said the Gryphon, \'that they WOULD not remember the simple rules their friends had taught them: such as, that a moment\'s delay would cost them their lives. All the.','2004-02-20 11:08:59','1971-11-08 23:15:07'),
('55','7','13','Quos sapiente qui vero.','asperiores','209924058','I wonder who will put on his flappers, \'--Mystery, ancient and modern, with Seaography: then Drawling--the Drawling-master was an old woman--but then--always to have finished,\' said the cook..','1992-10-22 20:42:07','1982-05-13 14:14:32'),
('56','1','40','Praesentium rerum quis corrupti provident molestiae aut fuga aut.','adipisci','316797659','Mock Turtle, and to hear the name of the tail, and ending with the words have got altered.\' \'It is wrong from beginning to get her head pressing against the door, and tried to fancy what the name.','2002-07-03 04:42:42','1983-08-07 13:23:11'),
('57','4','7','Quis autem accusamus repellat dignissimos adipisci ut sit.','hic','589581958','Rabbit\'s little white kid gloves while she remembered trying to fix on one, the cook was leaning over the verses the White Rabbit returning, splendidly dressed, with a great hurry. An enormous puppy.','2000-02-11 19:44:20','2008-08-08 02:43:58'),
('58','1','27','Et repudiandae reprehenderit voluptas quaerat eum asperiores.','quaerat','946014479','The chief difficulty Alice found at first she thought it would,\' said the Gryphon. \'Of course,\' the Mock Turtle: \'why, if a fish came to the end: then stop.\' These were the cook, to see if she were.','2011-12-26 07:31:30','2000-01-22 11:34:11'),
('59','3','29','Sunt soluta est accusamus voluptates eum occaecati.','suscipit','763102007','I have ordered\'; and she said this she looked down, was an old conger-eel, that used to say.\' \'So he did, so he with his head!\' or \'Off with their fur clinging close to the Mock Turtle in a natural.','1983-04-01 11:26:13','1979-11-12 17:11:28'),
('60','3','28','Repellat at a ut officia.','non','933518734','The chief difficulty Alice found at first she would catch a bad cold if she were saying lessons, and began by producing from under his arm a great deal too far off to trouble myself about you: you.','1972-03-22 16:44:53','1971-03-25 04:25:05'),
('61','3','35','Minima harum eius porro vero quos.','dicta','966479213','Alice thoughtfully: \'but then--I shouldn\'t be hungry for it, she found that it felt quite relieved to see anything; then she remembered trying to find that she was surprised to find herself still in.','2000-07-20 12:17:40','2012-01-16 08:54:04'),
('62','3','47','Aliquid voluptatem distinctio laboriosam quo atque odit et omnis.','aut','15319094','They had a VERY good opportunity for repeating his remark, with variations. \'I shall do nothing of the edge of her hedgehog. The hedgehog was engaged in a frightened tone. \'The Queen of Hearts were.','2008-11-19 18:08:22','1996-01-16 12:26:25'),
('63','8','30','Nulla voluptatem rem est voluptas.','quis','691936730','Alice had got its head impatiently, and said, \'So you think you could see it trying in a moment. \'Let\'s go on in the last time she had caught the baby joined):-- \'Wow! wow! wow!\' \'Here! you may.','1989-06-23 20:46:48','1999-03-20 13:00:08'),
('64','4','12','Velit et sint vel numquam cupiditate.','itaque','97129507','Mock Turtle angrily: \'really you are very dull!\' \'You ought to have finished,\' said the White Rabbit blew three blasts on the look-out for serpents night and day! Why, I wouldn\'t say anything about.','1996-03-23 10:51:09','2009-09-12 16:14:36'),
('65','2','21','Assumenda quod atque ratione quis nam consequatur quo.','commodi','35517882','Rome, and Rome--no, THAT\'S all wrong, I\'m certain! I must be getting home; the night-air doesn\'t suit my throat!\' and a long sleep you\'ve had!\' \'Oh, I\'ve had such a thing before, but she ran with.','2007-11-14 05:03:03','1982-04-06 11:12:14'),
('66','8','20','Dolorem dolorem eos voluptatibus harum saepe non.','et','362123207','Alice began telling them her adventures from the Gryphon, before Alice could not swim. He sent them word I had not gone much farther before she gave a sudden burst of tears, until there was no \'One,.','2019-07-09 08:38:50','1984-03-25 13:40:56'),
('67','1','47','At voluptas animi corporis voluptas et.','tempore','254120950','Alice could see, when she caught it, and found that her idea of the table. \'Have some wine,\' the March Hare. The Hatter was out of the Mock Turtle repeated thoughtfully. \'I should think it was,\' he.','1973-02-22 15:58:59','1970-06-22 14:42:08'),
('68','8','11','Debitis iste qui assumenda quia similique.','aliquam','565183045','Luckily for Alice, the little door, so she turned the corner, but the Rabbit began. Alice thought over all she could see it written up somewhere.\' Down, down, down. There was no use going back to.','2008-09-24 21:49:12','1980-04-08 22:09:12'),
('69','8','35','Blanditiis non perferendis sunt.','quae','811182560','Alice. \'It must be a very humble tone, going down on their slates, and then nodded. \'It\'s no use their putting their heads downward! The Antipathies, I think--\' (she was so full of smoke from one.','2017-03-17 04:14:01','1999-08-29 12:23:37'),
('70','10','19','Vel tempora voluptatem quis et deleniti.','dolores','128368377','King. (The jury all wrote down on one knee as he spoke, and the Hatter asked triumphantly. Alice did not wish to offend the Dormouse followed him: the March Hare interrupted in a low, weak voice..','1992-06-17 18:22:36','1979-02-17 04:17:08'),
('71','10','1','Nihil laborum pariatur assumenda voluptatem laudantium.','pariatur','60564388','It doesn\'t look like it?\' he said, \'on and off, for days and days.\' \'But what happens when one eats cake, but Alice had never been in a very difficult game indeed. The players all played at once set.','1987-04-04 14:08:11','1989-11-15 08:02:05'),
('72','2','14','Illum sit et sunt est recusandae at quisquam.','tempore','440559645','And pour the waters of the Lobster Quadrille?\' the Gryphon added \'Come, let\'s try the experiment?\' \'HE might bite,\' Alice cautiously replied, not feeling at all a proper way of expressing yourself.\'.','2003-04-27 10:56:16','1977-07-04 09:56:20'),
('73','2','12','A quaerat sequi autem est facilis nesciunt magnam.','delectus','69508098','I must be on the look-out for serpents night and day! Why, I haven\'t been invited yet.\' \'You\'ll see me there,\' said the White Rabbit cried out, \'Silence in the world am I? Ah, THAT\'S the great.','1980-04-15 21:51:14','2018-07-15 23:13:29'),
('74','8','20','Facilis esse vel incidunt eos inventore molestias.','dolor','882322394','I almost think I could, if I shall never get to twenty at that rate! However, the Multiplication Table doesn\'t signify: let\'s try Geography. London is the use of repeating all that green stuff be?\'.','2002-02-01 09:06:40','1980-04-08 05:08:44'),
('75','9','3','Eligendi ab aliquid rerum porro et quo quidem.','amet','948238708','Majesty!\' the soldiers remaining behind to execute the unfortunate gardeners, who ran to Alice to herself, \'it would have this cat removed!\' The Queen smiled and passed on. \'Who ARE you talking to?\'.','1989-08-04 00:18:52','1975-03-15 08:35:47'),
('76','10','1','Ut alias officiis nobis corrupti ratione ipsam sunt velit.','dolore','769409975','Turtle.\' These words were followed by a very respectful tone, but frowning and making quite a large fan in the after-time, be herself a grown woman; and how she would feel with all her fancy, that:.','1990-03-23 08:29:25','1985-02-05 15:11:01'),
('77','8','9','Nobis quia doloremque aut.','non','167867665','It did so indeed, and much sooner than she had plenty of time as she stood still where she was ever to get an opportunity of showing off a head could be beheaded, and that in the sea!\' cried the.','1988-11-27 13:50:41','2005-03-29 06:06:54'),
('78','10','24','Sint adipisci perferendis temporibus corporis.','dolor','132246068','That\'s all.\' \'Thank you,\' said Alice, always ready to talk about wasting IT. It\'s HIM.\' \'I don\'t quite understand you,\' she said, \'for her hair goes in such a dear little puppy it was!\' said Alice,.','2005-05-07 08:27:52','1984-01-17 00:31:17'),
('79','8','13','Excepturi mollitia libero dolore necessitatibus animi.','quidem','506697825','Duchess; \'and that\'s the jury-box,\' thought Alice, \'or perhaps they won\'t walk the way of speaking to a snail. \"There\'s a porpoise close behind it was written to nobody, which isn\'t usual, you.','2015-02-03 05:59:00','1991-09-23 01:41:53'),
('80','7','45','Sed occaecati sit dolor non corrupti.','vero','632576657','I can guess that,\' she added in a furious passion, and went stamping about, and make one quite giddy.\' \'All right,\' said the Cat. \'I don\'t believe it,\' said the Caterpillar. \'Well, perhaps your.','1984-03-29 11:49:44','1981-09-20 20:15:50'),
('81','7','23','Animi numquam non quibusdam ad quae.','molestias','555065948','So she began again: \'Ou est ma chatte?\' which was sitting between them, fast asleep, and the other queer noises, would change (she knew) to the seaside once in the world am I? Ah, THAT\'S the great.','1973-11-22 04:26:05','2016-12-02 06:51:38'),
('82','3','37','Dignissimos dolor voluptatem nostrum sequi dolore.','hic','927850651','Dormouse; \'--well in.\' This answer so confused poor Alice, that she ran off as hard as it happens; and if it had no idea what to say \'Drink me,\' but the Dormouse shall!\' they both sat silent and.','2015-10-31 15:17:10','2005-12-30 20:20:05'),
('83','4','50','Quas consequuntur quidem occaecati ex delectus sunt.','dignissimos','31605273','Alice in a large fan in the other. In the very tones of her going, though she knew she had not gone much farther before she gave her answer. \'They\'re done with blacking, I believe.\' \'Boots and shoes.','1981-04-22 22:45:44','1975-11-10 16:42:20'),
('84','10','7','Autem molestias ea non qui exercitationem delectus.','voluptas','525213088','COULD NOT SWIM--\" you can\'t be Mabel, for I know is, something comes at me like that!\' He got behind him, and said to live. \'I\'ve seen hatters before,\' she said to herself, as usual. \'Come, there\'s.','2001-04-22 14:44:48','2006-07-13 06:52:55'),
('85','7','46','Neque temporibus voluptatem ut enim.','facere','860458955','First, she dreamed of little cartwheels, and the words a little, half expecting to see it quite plainly through the doorway; \'and even if my head would go round a deal faster than it does.\' \'Which.','2011-06-21 00:45:23','2002-04-14 19:21:56'),
('86','6','32','Voluptatibus facere necessitatibus id itaque aut provident distinctio.','voluptate','171015358','Alice, \'how am I then? Tell me that first, and then, \'we went to the little door was shut again, and the three were all crowded together at one end of the house if it had finished this short speech,.','1987-01-23 09:22:25','1982-04-08 21:21:55'),
('87','10','34','Saepe fugit voluptatem totam provident commodi id.','molestiae','506411076','A secret, kept from all the things being alive; for instance, there\'s the arch I\'ve got to the tarts on the song, perhaps?\' \'I\'ve heard something splashing about in the lap of her age knew the.','1992-12-02 00:47:22','1992-01-02 00:11:04'),
('88','10','4','Nesciunt rerum maxime omnis dicta.','quibusdam','101315938','I to get out at the stick, and made another snatch in the other. \'I beg pardon, your Majesty,\' said Alice in a very little! Besides, SHE\'S she, and I\'m sure I don\'t think,\' Alice went on, \'you throw.','1979-07-17 07:56:52','1980-01-07 06:12:53'),
('89','9','36','Provident odit debitis aperiam quia.','autem','727130011','March Hare took the opportunity of adding, \'You\'re looking for eggs, I know THAT well enough; don\'t be particular--Here, Bill! catch hold of its voice. \'Back to land again, and did not feel.','1998-01-28 19:59:10','1985-04-30 19:59:56'),
('90','5','35','Quo alias vitae voluptas blanditiis architecto cum neque reiciendis.','et','494966823','Alice, flinging the baby was howling so much already, that it led into a pig,\' Alice quietly said, just as she had asked it aloud; and in his note-book, cackled out \'Silence!\' and read as follows:--.','1992-09-22 13:13:09','1987-06-18 15:24:25'),
('91','8','20','Nihil et sapiente doloremque inventore.','maxime','180357401','WHAT things?\' said the Mock Turtle is.\' \'It\'s the stupidest tea-party I ever saw in another moment down went Alice like the Mock Turtle recovered his voice, and, with tears again as quickly as she.','1986-12-22 10:21:16','1979-06-13 12:00:41'),
('92','7','26','Dolore dolorem non quidem maxime totam eum nesciunt possimus.','quos','228461947','The Queen\'s argument was, that you weren\'t to talk about cats or dogs either, if you only kept on good terms with him, he\'d do almost anything you liked with the grin, which remained some time.','1994-05-10 14:45:17','1982-02-27 14:43:36'),
('93','6','32','Aut in soluta iure voluptates fuga possimus eius est.','est','326743551','Mock Turtle replied in an angry voice--the Rabbit\'s--\'Pat! Pat! Where are you?\' said the Mock Turtle yawned and shut his eyes.--\'Tell her about the whiting!\' \'Oh, as to go and take it away!\' There.','1997-02-21 07:26:24','2016-01-15 12:48:33'),
('94','10','16','Omnis corporis accusamus ad ipsa.','ut','759051646','For anything tougher than suet; Yet you turned a back-somersault in at all?\' said the Mouse to Alice an excellent plan, no doubt, and very soon found an opportunity of showing off her head!\' Those.','2009-04-19 07:58:02','1976-12-22 02:01:36'),
('95','9','34','Ut voluptatem optio quidem quis et voluptas suscipit.','vel','838768037','Pigeon. \'I\'m NOT a serpent, I tell you, you coward!\' and at once took up the conversation a little. \'\'Tis so,\' said Alice. \'Exactly so,\' said the Queen, who were lying on the bank--the birds with.','2003-05-24 11:18:23','1972-03-11 01:45:34'),
('96','3','27','Dolorem qui illo provident incidunt possimus est.','harum','621668651','Let me see: four times five is twelve, and four times six is thirteen, and four times six is thirteen, and four times five is twelve, and four times five is twelve, and four times six is thirteen,.','2014-01-13 01:09:42','2014-12-28 01:01:50'),
('97','2','25','Repudiandae fugiat dicta ullam tempore illum.','nulla','484458662','Duchess! Oh my fur and whiskers! She\'ll get me executed, as sure as ferrets are ferrets! Where CAN I have ordered\'; and she dropped it hastily, just in time to be sure; but I can\'t take LESS,\' said.','2016-03-25 04:09:59','1986-12-16 04:52:42'),
('98','3','26','Molestiae iure et est rerum inventore necessitatibus.','et','539589721','Alice could not help thinking there MUST be more to do anything but sit with its eyelids, so he did,\' said the Caterpillar. \'Well, I\'ve tried hedges,\' the Pigeon in a minute or two, they began.','2007-01-24 19:56:28','1989-12-26 09:50:25'),
('99','5','10','Odit provident provident quia distinctio inventore.','id','692823158','At last the Dodo suddenly called out to sea as you go to on the table. \'Nothing can be clearer than THAT. Then again--\"BEFORE SHE HAD THIS FIT--\" you never to lose YOUR temper!\' \'Hold your tongue,.','2011-08-03 23:50:48','1992-07-25 00:27:33'),
('100','7','9','Sunt minima sed voluptatum expedita.','sequi','445131948','Queen put on his knee, and looking at them with large round eyes, and half of anger, and tried to speak, and no one listening, this time, and was a dispute going on between the executioner, the.','1981-01-20 20:59:41','1973-05-18 20:15:21'); 


DROP TABLE IF EXISTS `media_communities`;
CREATE TABLE `media_communities` (
  `media_id` bigint(20) unsigned NOT NULL,
  `community_id` bigint(20) unsigned NOT NULL,
  PRIMARY KEY (`media_id`,`community_id`),
  KEY `community_id` (`community_id`),
  CONSTRAINT `media_communities_ibfk_1` FOREIGN KEY (`media_id`) REFERENCES `media` (`id`),
  CONSTRAINT `media_communities_ibfk_2` FOREIGN KEY (`community_id`) REFERENCES `communities` (`id`)
) ENGINE=InnoDB DEFAULT CHARSET=utf8 COLLATE=utf8_unicode_ci;

INSERT INTO `media_communities` VALUES ('1','4'),
('3','20'),
('6','22'),
('6','49'),
('7','48'),
('8','15'),
('8','23'),
('9','30'),
('10','37'),
('10','44'),
('14','5'),
('14','9'),
('15','1'),
('15','6'),
('15','25'),
('16','3'),
('16','22'),
('18','14'),
('20','16'),
('20','38'),
('20','49'),
('21','22'),
('22','16'),
('22','27'),
('22','34'),
('23','18'),
('24','16'),
('28','22'),
('28','35'),
('29','15'),
('29','22'),
('29','49'),
('30','13'),
('30','50'),
('31','8'),
('32','8'),
('32','17'),
('34','6'),
('34','30'),
('35','24'),
('37','33'),
('41','11'),
('41','12'),
('41','18'),
('42','15'),
('43','37'),
('44','32'),
('45','2'),
('45','8'),
('45','45'),
('46','7'),
('46','50'),
('47','28'),
('47','37'),
('48','28'),
('49','26'),
('49','37'),
('50','14'),
('51','19'),
('51','39'),
('52','30'),
('53','4'),
('54','6'),
('55','48'),
('56','11'),
('56','43'),
('57','8'),
('57','31'),
('57','35'),
('58','36'),
('58','39'),
('58','45'),
('58','49'),
('59','33'),
('60','6'),
('60','29'),
('60','36'),
('64','11'),
('68','36'),
('69','20'),
('70','35'),
('73','9'),
('76','43'),
('77','40'),
('79','33'),
('83','34'),
('83','41'),
('84','30'),
('86','8'),
('87','16'),
('89','18'),
('92','35'),
('92','38'),
('95','1'),
('96','25'),
('98','4'),
('98','37'),
('100','16'),
('100','21'); 


DROP TABLE IF EXISTS `media_types`;
CREATE TABLE `media_types` (
  `id` bigint(20) unsigned NOT NULL AUTO_INCREMENT,
  `name` varchar(255) COLLATE utf8_unicode_ci DEFAULT NULL,
  `created_at` datetime DEFAULT current_timestamp(),
  `updated_at` datetime DEFAULT current_timestamp() ON UPDATE current_timestamp(),
  PRIMARY KEY (`id`)
) ENGINE=InnoDB AUTO_INCREMENT=11 DEFAULT CHARSET=utf8 COLLATE=utf8_unicode_ci;

INSERT INTO `media_types` VALUES ('1','Ab laudantium in reiciendis dolore doloribus eligendi dolor ut.','1987-06-16 00:31:36','1999-04-16 19:01:44'),
('2','Et velit qui aut nihil.','1973-07-13 04:27:39','1971-10-22 17:32:17'),
('3','Sint quo minus est nesciunt at vitae commodi culpa.','1994-06-15 22:11:57','2001-10-08 22:23:13'),
('4','Dolor aut qui quibusdam voluptas omnis nisi.','1985-09-16 07:58:43','2006-08-23 22:18:49'),
('5','Accusantium corporis provident molestiae qui.','1988-01-05 07:43:33','2016-08-13 20:47:43'),
('6','Temporibus dolor et voluptatem consectetur perferendis tempore.','1970-03-10 11:43:54','2004-12-14 08:49:45'),
('7','Unde dolorem eaque est deserunt.','2007-10-15 21:53:56','2017-07-23 19:19:45'),
('8','Quod est placeat pariatur vitae natus exercitationem.','1970-09-09 23:22:16','2016-10-18 03:02:08'),
('9','Quia impedit voluptatem et dolores.','2001-07-21 10:23:52','1982-04-16 01:54:22'),
('10','Aperiam sed dolorum ipsum ut ut.','1975-04-23 08:58:54','1996-10-10 11:57:52'); 


DROP TABLE IF EXISTS `messages`;
CREATE TABLE `messages` (
  `id` bigint(20) unsigned NOT NULL AUTO_INCREMENT,
  `from_user_id` bigint(20) unsigned NOT NULL,
  `to_user_id` bigint(20) unsigned NOT NULL,
  `body` text COLLATE utf8_unicode_ci DEFAULT NULL,
  `created_at` datetime DEFAULT current_timestamp(),
  PRIMARY KEY (`id`),
  KEY `messages_from_user_id` (`from_user_id`),
  KEY `messages_to_user_id` (`to_user_id`),
  CONSTRAINT `messages_ibfk_1` FOREIGN KEY (`from_user_id`) REFERENCES `users` (`id`),
  CONSTRAINT `messages_ibfk_2` FOREIGN KEY (`to_user_id`) REFERENCES `users` (`id`)
) ENGINE=InnoDB AUTO_INCREMENT=101 DEFAULT CHARSET=utf8 COLLATE=utf8_unicode_ci;

INSERT INTO `messages` VALUES ('1','1','42','Mollitia reiciendis quaerat illum consectetur qui cupiditate. Necessitatibus et tenetur est consequuntur. Numquam aut corporis ratione sint laboriosam fugiat reprehenderit. Sint illo sed eaque quam hic voluptates sed.','2006-06-24 18:52:43'),
('2','2','41','Impedit a illum vel et. Voluptas voluptatem enim non non. Nesciunt ullam voluptas dolorem molestiae esse molestiae numquam magni.','1989-08-20 02:14:05'),
('3','3','12','Vel dolorem porro reprehenderit. Eos blanditiis libero quibusdam culpa. Autem nesciunt facere voluptatibus labore eveniet aut ut. Non reprehenderit sit consectetur qui cupiditate dicta similique. Nihil expedita et esse non quis qui in.','1972-04-27 05:38:01'),
('4','4','38','Dolorem placeat odit id sequi tenetur et omnis. Vel aspernatur porro ab aut. Et deleniti ut quae.','2009-09-08 23:49:31'),
('5','5','46','Dolores enim reprehenderit eum maiores enim. Fuga commodi explicabo voluptates. Quod facere iusto saepe veritatis voluptatem.','1994-04-04 06:55:59'),
('6','6','43','Animi cum corrupti excepturi autem dolores dolorum voluptate ea. Porro voluptate qui necessitatibus quia necessitatibus. Similique aperiam quod vel sint.','1970-06-04 00:21:57'),
('7','7','18','Sit et ut exercitationem commodi voluptas enim. Est et qui eius ex voluptas eveniet. Animi deserunt dicta ab dolor illum unde et.','2006-09-18 14:41:29'),
('8','8','49','Cupiditate ut quidem et ipsam quo unde ut. Blanditiis unde ut quaerat. Hic quis est et. Iusto illum enim dolor repudiandae. Sunt quis et reprehenderit in.','1972-10-03 22:33:53'),
('9','9','18','Natus eum possimus magni neque voluptas occaecati. Amet dolorem sit cum excepturi dolorem saepe voluptas. Quibusdam dolores cum sed cupiditate saepe.','2004-03-01 04:25:50'),
('10','10','33','Eligendi temporibus pariatur sed quos occaecati ut sunt sit. Accusantium in recusandae incidunt ullam corrupti. Et quibusdam tempore autem ratione fuga eligendi quo.','2009-02-16 21:29:49'),
('11','11','37','Aut odit sit est ut quia et aut. Eum deleniti et sit ipsam sed dolorem sit. Suscipit dolor voluptatem blanditiis perferendis dolor eos sunt.','1985-04-06 21:44:12'),
('12','12','23','Aperiam tempore est nam asperiores ut. Quisquam nihil a maxime sed sed veniam. Voluptas vero quis aliquid vel vel consequatur quibusdam sapiente.','2007-06-15 11:50:37'),
('13','13','6','Autem ipsam praesentium eaque pariatur numquam. Similique vitae dolore culpa laboriosam aspernatur beatae voluptas. Repudiandae qui omnis tenetur. Labore hic est harum quo.','2001-05-05 14:21:45'),
('14','14','45','Natus nam et consequatur sit voluptatem temporibus commodi. Possimus porro excepturi esse asperiores quis libero hic veniam. Sit odio ea sint fugit provident aut dolores.','1976-01-06 08:54:46'),
('15','15','37','Ut libero cumque in. Quos quia accusamus sapiente deleniti et. Ex accusamus tempora rerum nemo. Similique aliquid rerum quisquam. Et sed sequi culpa.','1997-02-08 05:40:34'),
('16','16','42','Quidem fugit est voluptate illum debitis enim deleniti. Id cumque eum animi molestias minima perferendis. Ipsa et labore consectetur quis.','2000-05-25 06:10:26'),
('17','17','1','Itaque qui recusandae maxime doloremque hic. Vero quia quod ipsa in ipsam tempore quia.','1987-06-17 05:04:33'),
('18','18','9','Eveniet illo magni veniam explicabo. Expedita voluptas non ipsam quo perspiciatis corrupti aut. Quis expedita est non praesentium molestiae id. Doloremque qui est et.','1978-02-03 07:10:11'),
('19','19','27','A atque quia rem sit. Ut et non fuga quas autem. Minima et quo sequi est enim sint omnis iusto. Dolores dicta laboriosam laboriosam autem et beatae. Qui excepturi quo occaecati vel sunt pariatur molestiae.','1982-04-01 20:38:49'),
('20','20','15','Sunt libero dignissimos non dicta recusandae delectus. Laboriosam labore perspiciatis quisquam perferendis culpa fuga quas. Soluta nam praesentium magni eius velit voluptas. Et aliquam omnis repellendus non nihil sint nulla.','1986-01-20 02:25:19'),
('21','21','45','Dignissimos sed aspernatur cum ratione ut nisi alias. Molestiae exercitationem dolorum reiciendis quia a qui velit. Magni voluptatum dolores ea iusto.','2002-03-30 16:39:15'),
('22','22','29','Voluptatem laborum aperiam esse veritatis. Ipsam officiis ex repellat sed. Maiores velit consectetur dolorum esse. Aut odit alias dicta.','2014-04-16 13:33:50'),
('23','23','25','Non a similique fugiat est deserunt. Occaecati eum autem doloremque quo voluptates magnam rerum. Consectetur reprehenderit iure quia repellat.','1995-02-01 00:11:00'),
('24','24','17','Consequuntur et nam perferendis enim. Velit nihil ad sed voluptatibus. Omnis quis quod sunt libero possimus suscipit esse.','1998-11-26 14:26:09'),
('25','25','15','Aperiam cumque officiis ut ut atque dolor voluptatem. Neque corporis itaque ut autem sunt sapiente. Nobis sit molestiae sit et veritatis. Ab iusto similique ea soluta sunt corporis.','2014-05-30 23:14:34'),
('26','26','13','Nam ab quia ut at quia ea. Praesentium ab aut et dolorem corrupti perferendis. Est iusto quo odio. Quo sit distinctio vero est saepe tempora ducimus.','1970-04-03 17:05:17'),
('27','27','3','Minima commodi fugit omnis enim ipsam autem. Eos ratione quod qui. Ut natus corporis repudiandae quisquam dolorem.','1978-10-03 05:04:46'),
('28','28','48','Quasi iure minus ipsum qui qui. Facilis inventore dolorem ipsam et. Necessitatibus saepe optio alias fugiat fugit odit expedita. Eum sit enim fuga autem eum.','1975-11-23 09:39:01'),
('29','29','41','Consequuntur non eum consequatur ut quae dolorum. Facere numquam soluta eum assumenda voluptatibus est. Et maxime repellendus et quasi nulla omnis soluta et. Voluptas sit et voluptatem quaerat.','1992-06-29 09:27:35'),
('30','30','31','Eaque corrupti qui earum. A mollitia hic repellat voluptas quisquam molestiae sunt tenetur. Non nam cum libero voluptas est pariatur.','1980-03-29 05:38:10'),
('31','31','6','Temporibus minus cumque et facere laboriosam recusandae illum. Maxime qui a rerum. Accusamus aliquid quia at consequuntur. Minus corrupti soluta sit accusantium tempora.','2006-11-18 13:13:33'),
('32','32','33','Et labore ullam quia ipsam. Qui provident ad necessitatibus culpa quasi facilis sunt. Omnis optio quo reprehenderit ut id vero commodi. Rerum qui officiis quidem ipsum amet.','2011-06-24 13:57:37'),
('33','33','22','Neque nulla quis recusandae dolore et similique sit. Est totam et occaecati qui voluptatem est. Fugiat assumenda placeat et accusamus. Atque qui cumque quia id nesciunt veniam excepturi dicta.','1997-09-20 10:18:10'),
('34','34','18','Sed ut omnis autem tempore. Voluptatum illo at quisquam est sequi nisi. Et blanditiis reiciendis et in dolores. Molestias voluptatem laboriosam tenetur molestiae deleniti accusamus.','1990-04-18 11:59:54'),
('35','35','20','Veniam est ut cum magnam fuga amet. Impedit non eius adipisci veniam. Accusamus neque quos ad atque aut et.','1992-02-25 17:08:39'),
('36','36','18','Pariatur cum ipsum soluta voluptas voluptas sapiente. Impedit laboriosam quis et excepturi facilis. Qui rerum fugit accusamus dignissimos. Nulla omnis cum omnis eum alias blanditiis.','2008-06-09 14:33:36'),
('37','37','11','Explicabo similique quis voluptatem vitae nemo. Aut est nam sint voluptas quia sequi. Corrupti molestiae laborum corporis molestias.','2008-07-11 01:50:57'),
('38','38','38','Cupiditate iure delectus magnam. Voluptates dolorem autem autem numquam ipsam perspiciatis. Consequatur velit corporis deserunt corporis iure rerum. Ut quibusdam exercitationem aut eos.','2014-04-24 17:52:45'),
('39','39','16','Quia debitis tenetur ipsa. Molestiae ipsa id quia dolores voluptates odio quasi. Fugiat et voluptatibus vel ut enim ratione.','2011-04-13 04:09:08'),
('40','40','28','Molestias distinctio expedita aspernatur aut sed et. Voluptas eligendi qui aut quae. Sunt vitae unde non at.','1974-05-18 11:12:17'),
('41','41','20','Cumque doloremque asperiores aut praesentium. Quas architecto quo in nam porro et rerum. Et qui animi odio dolores eos sit asperiores.','1978-03-24 07:35:35'),
('42','42','2','Sint et commodi dolores dolore commodi minus. Omnis accusantium consectetur alias rerum iste architecto. Ut doloremque aut fuga deleniti modi. Tempora omnis accusamus alias reiciendis impedit.','1972-08-14 22:15:44'),
('43','43','50','Fugit facilis facilis ut. Minima aliquid ut qui et dignissimos. Qui maxime ducimus eligendi perspiciatis fugiat consequatur harum. Sed eos adipisci et ex autem.','1981-10-22 08:13:36'),
('44','44','25','Voluptas et rerum ipsam et numquam fuga. Qui architecto quibusdam animi sapiente ex velit. A nam totam rerum earum.','1971-09-08 20:40:39'),
('45','45','46','Qui labore temporibus modi id et. Eaque ducimus cum consectetur eos. Quae repudiandae laborum nobis quibusdam.','1997-11-27 16:47:12'),
('46','46','36','Expedita error maiores rerum laborum consequatur amet aliquid. Sunt ipsum eos ipsam qui odit sint pariatur.','2018-01-16 17:47:04'),
('47','47','17','Repellendus enim animi a quos ullam aut. Totam et ut non fugiat dolor fuga. Molestias ipsum dignissimos consequatur sit consequatur. Veritatis dignissimos consequatur voluptatem ipsam assumenda exercitationem.','1997-01-08 01:45:57'),
('48','48','47','Quae natus asperiores ab autem. Voluptas omnis aspernatur sit architecto ut. Ipsam possimus corporis dolor et dolorem.','2016-06-15 00:59:38'),
('49','49','45','Quidem vel et rerum illum qui. Aut exercitationem aut hic nam eum eius et.','1977-01-19 08:32:44'),
('50','50','43','Itaque est quos iure perspiciatis soluta cumque. Quo voluptatum consequatur cupiditate dolores animi ratione culpa. Et ducimus sit sit reprehenderit dolores. Consequatur beatae laudantium sed corrupti repellendus aut nihil.','2008-06-30 16:04:20'),
('51','1','11','Rem non voluptatem vitae distinctio maxime minus officiis. Eos est doloribus placeat sit consequatur ducimus. Ipsum sed magni quis minima dolor.','1996-09-11 10:08:23'),
('52','2','40','Et ea maiores aut culpa quia. Enim iure enim consequatur et optio et itaque. Quidem eaque eveniet tenetur harum ab cum ut. Odit enim quia est unde laboriosam recusandae.','1986-04-27 21:03:05'),
('53','3','22','Nemo voluptatem itaque voluptatem et aliquam ut. Ex beatae error nostrum et et modi. In cupiditate deserunt dolorem sapiente dolore eligendi.','2008-08-17 21:06:48'),
('54','4','35','Voluptas nobis id omnis consequatur maiores explicabo. Consequatur quasi blanditiis saepe sequi et. Nam aspernatur deleniti provident non.','2018-11-07 00:25:27'),
('55','5','7','Placeat consequatur dicta nam non. Id ut rerum minima voluptas aspernatur. Aut deleniti consequatur labore dolorem impedit quas nemo ut. Vel provident hic voluptatem.','1989-02-20 08:42:20'),
('56','6','37','In accusantium quia deserunt dolor dolorum qui et aut. Est quas provident quibusdam repudiandae voluptas qui hic. Maiores quasi est illum explicabo eum consequatur.','1978-04-09 10:45:42'),
('57','7','48','Blanditiis adipisci illum architecto occaecati unde itaque. Alias omnis nobis facilis ut cumque totam.','1970-06-22 05:25:24'),
('58','8','9','Facilis earum officiis voluptas velit quod veritatis perferendis sed. Temporibus illo fugit eveniet aliquam repudiandae. Incidunt quis reprehenderit est quisquam est quia.','1976-08-25 19:01:03'),
('59','9','34','Et animi ex qui laborum aut consequatur eaque. Dolor eveniet ullam atque et. Excepturi et omnis sed ipsa at in.','2006-12-05 22:29:11'),
('60','10','38','Nobis suscipit sint quaerat et aut voluptatibus aut. A alias facilis veritatis. Dolor laborum sit autem et qui voluptas consequatur.','2012-05-01 01:05:09'),
('61','11','40','Soluta et iure omnis similique. Ad quo et dolore sit consequuntur. Nesciunt ut hic illum blanditiis qui eius ratione a. Commodi consequuntur dolor expedita quibusdam et esse aut.','1979-10-02 08:09:59'),
('62','12','40','Fugiat voluptatibus et dolorem voluptas ea distinctio. Ullam nobis in nihil mollitia suscipit hic omnis quis. Qui iusto dolorum quisquam aut quasi.','1999-12-04 06:26:14'),
('63','13','20','Ducimus perspiciatis doloremque vero eos. Pariatur est incidunt incidunt eum qui. Suscipit eligendi numquam aspernatur dolores. Repellat ducimus ut inventore fugiat voluptates a nobis. Voluptates voluptatibus veniam nostrum officia explicabo autem.','2008-12-01 21:36:11'),
('64','14','12','Odit sunt est quibusdam unde a saepe. Minus earum voluptas reiciendis dignissimos. Excepturi culpa quisquam laborum eaque aspernatur velit. Praesentium dolores ad architecto illum laborum suscipit ut.','2013-12-12 22:32:44'),
('65','15','7','Architecto suscipit vel quod qui ad cum cumque. Minima pariatur aut mollitia voluptate. Quia vero accusantium molestiae magnam. Fugiat unde non magnam et vitae cumque optio. Consequuntur sed explicabo aspernatur ipsam illo provident.','2017-02-02 11:09:19'),
('66','16','40','Provident incidunt deleniti officiis numquam repudiandae. Eligendi facilis ducimus necessitatibus nam. Adipisci sed quas in magni.','1982-11-25 21:23:18'),
('67','17','29','Quia quo libero sint rerum. Eos repellat itaque maxime eos pariatur sit ullam.','1996-07-22 20:58:10'),
('68','18','17','Harum aperiam autem nemo enim voluptatum praesentium deleniti. Rerum ea cum error ab eaque. Rem quo modi vel iure ducimus. Adipisci quisquam laborum earum ut.','1997-08-03 16:44:23'),
('69','19','27','Quidem expedita accusantium aliquid et error sit molestiae. Dolor quia nisi voluptatem aut amet eum numquam. Id porro necessitatibus praesentium sint consequatur eligendi rerum. Ut pariatur minima dolores eveniet ea beatae quia.','2014-11-16 13:36:49'),
('70','20','44','Voluptatum exercitationem ut voluptas. Quo id saepe magnam assumenda nam dignissimos. Necessitatibus laboriosam fugit maxime. Dicta sed laudantium provident voluptatum odit quia et.','2008-09-14 04:06:38'),
('71','21','45','Et alias ex officiis at qui. Explicabo eveniet minima soluta in. Voluptatem blanditiis in et sunt.','2010-08-13 04:36:37'),
('72','22','47','Vitae officiis dolorem est ducimus ea nam velit. Saepe eius iste est aperiam rerum possimus nihil eligendi. Voluptatum rerum debitis quidem et ullam nihil. Sint sed modi modi vel qui et. Laudantium officiis similique eos omnis.','2003-06-17 10:49:10'),
('73','23','46','Repellat ea ut aut et accusamus veritatis. Sit eaque eveniet non aliquam ea maxime. Dolores hic dolorem cum magnam consequatur recusandae qui. Aut optio eius architecto reprehenderit voluptas cum. Rem delectus suscipit consequatur aut.','2014-07-17 15:52:44'),
('74','24','44','Quis laudantium vitae est consequatur quibusdam ratione quo. Illo qui impedit est odio. Iste eos et perspiciatis molestias eligendi.','1984-01-23 00:34:14'),
('75','25','22','Quaerat aut ex dolorum esse praesentium suscipit. Deleniti ipsam esse ut similique aut reiciendis. Deleniti pariatur et ullam eum est incidunt. Culpa consequuntur aut reprehenderit sit.','2012-01-01 01:58:42'),
('76','26','42','Vero nihil reprehenderit et. Quisquam fugiat officia est dicta atque et qui.','1971-11-06 03:31:28'),
('77','27','30','Libero cum eius et enim. Et sunt ipsa distinctio vel minus. Earum id repudiandae aut esse est quia.','2007-01-11 05:51:29'),
('78','28','38','Omnis voluptates nostrum corrupti eius quo aliquam. Omnis aut veritatis illo adipisci ut sit quasi. Eaque recusandae aut voluptatem qui placeat id.','2011-07-31 18:19:17'),
('79','29','38','Occaecati suscipit repellendus quis. Rerum voluptate commodi repellendus aliquid numquam soluta quis. Repudiandae sit eum rerum.','1972-01-01 10:03:31'),
('80','30','25','Voluptatibus praesentium animi rerum illo sint. Corporis fugit fugiat fuga libero dolorum. Voluptate repudiandae quidem qui consequatur.','1982-02-21 03:44:57'),
('81','31','31','Eum voluptate quas est sunt voluptate. Perspiciatis explicabo sint porro animi asperiores fugiat. Consequatur tempore ut qui est non quas quasi.','2007-11-02 13:42:51'),
('82','32','49','A ullam perspiciatis dignissimos non sint eius. Facere ipsum autem voluptatibus. Aut culpa quod voluptatibus inventore. Quidem laborum maxime totam illum quia.','1975-09-16 11:44:03'),
('83','33','14','Id esse doloremque quisquam doloremque assumenda. Alias magnam repudiandae repellat ex explicabo fuga. Maiores praesentium asperiores voluptatem iusto consequatur omnis soluta. Velit quia culpa quia excepturi sit.','1990-11-07 21:29:36'),
('84','34','2','Dolorem possimus ut soluta sit necessitatibus aut non. Nulla quam fugit veritatis voluptatem sunt fuga. Aperiam qui temporibus et quis in facere ex.','2018-02-18 17:02:13'),
('85','35','34','Dolor totam quaerat voluptatem. Perspiciatis magni molestiae facilis a aut exercitationem sequi minus. Est velit vel labore aut esse.','1986-08-05 06:56:25'),
('86','36','20','Aspernatur totam mollitia quia consequuntur sint mollitia. Natus qui et quaerat quasi nam. Nam est nihil sint eveniet nesciunt. Est velit sit commodi. Quis voluptas pariatur est quo quis in.','1992-02-20 22:34:39'),
('87','37','38','Cum sunt corrupti praesentium qui illum molestiae id. Architecto magni facilis quis tempora. Sapiente accusantium fugiat aut sint consectetur.','2015-06-26 13:06:53'),
('88','38','31','Laboriosam soluta corrupti est eligendi sit quae placeat non. Et sint similique maiores id rerum sed. Non id porro facilis porro. Non qui quis fugit provident ut.','1986-09-13 21:51:08'),
('89','39','29','Repellendus facere dicta tenetur facilis minima quo. Voluptatem et voluptas soluta quisquam assumenda. Dolor provident aut amet in non quis. Officiis officiis molestiae eos vel.','2004-08-26 06:03:44'),
('90','40','21','Id molestiae adipisci exercitationem. Et sed dignissimos ratione voluptas et unde et accusamus. Vitae autem asperiores fugiat rem voluptatem.','1992-10-21 08:51:40'),
('91','41','19','Doloribus aliquid enim in assumenda numquam. Delectus architecto magni accusamus doloribus sequi. Ut asperiores fugit aperiam.','1991-04-22 20:21:14'),
('92','42','19','Beatae minus rem consequatur est. Ducimus adipisci odio modi sunt. Aut ad quos maiores nemo. Ipsam quia minima et rerum ipsa.','1985-08-07 20:52:12'),
('93','43','10','Error et quo illo dolor consectetur et. Ut autem veritatis delectus tempore quibusdam libero architecto. Iste occaecati et doloribus doloribus. Incidunt debitis dolores voluptatum velit sed vel repudiandae.','1984-08-19 23:57:01'),
('94','44','39','Aut architecto sed nostrum quae assumenda veritatis. Laudantium saepe sunt aut cumque ut cupiditate expedita. Atque adipisci nemo beatae eaque adipisci quos optio illo. Et maxime quia magnam vel est. Cum sit quam maiores molestiae praesentium.','1971-10-30 20:58:28'),
('95','45','30','Sint ut magnam a nam. Atque distinctio sint dolorem corrupti accusamus est soluta. Et ratione esse in placeat est.','1990-04-22 15:08:23'),
('96','46','17','Nesciunt et ex quod fuga eaque qui optio nesciunt. Quo beatae sed ex dolores illum autem. Praesentium est ab cumque recusandae eos nihil.','1995-02-13 12:58:09'),
('97','47','28','Quia qui ipsum iste nihil. Odio aut blanditiis sed sunt quisquam facere. Illum libero quia perferendis sunt aliquid qui. Ab sit consequatur accusamus.','2010-12-30 04:43:31'),
('98','48','8','Totam magnam quos tempora aperiam. Id aliquid ratione quae dignissimos dolores quos quis.','1995-08-26 18:44:44'),
('99','49','34','Animi sunt eum est autem laudantium consequatur doloribus. Perferendis cum doloribus quo tenetur quia. Harum eaque amet itaque eum dignissimos molestiae.','1997-02-22 02:26:44'),
('100','50','5','Voluptatum veritatis suscipit doloremque debitis accusamus suscipit sint. Voluptas id ut quibusdam dicta quia quaerat occaecati. Debitis et atque id hic et. Omnis aut nihil deleniti nam nemo sunt a in.','1990-04-06 01:35:57'); 


DROP TABLE IF EXISTS `photo_albums`;
CREATE TABLE `photo_albums` (
  `id` bigint(20) unsigned NOT NULL AUTO_INCREMENT,
  `name` varchar(255) COLLATE utf8_unicode_ci DEFAULT NULL,
  `user_id` bigint(20) unsigned DEFAULT NULL,
  PRIMARY KEY (`id`),
  UNIQUE KEY `id` (`id`),
  KEY `user_id` (`user_id`),
  CONSTRAINT `photo_albums_ibfk_1` FOREIGN KEY (`user_id`) REFERENCES `users` (`id`)
) ENGINE=InnoDB AUTO_INCREMENT=101 DEFAULT CHARSET=utf8 COLLATE=utf8_unicode_ci;

INSERT INTO `photo_albums` VALUES ('1','Quidem non nulla nisi ea.','4'),
('2','Sit quaerat quia cupiditate harum.','5'),
('3','Modi et beatae nemo quia vel et in.','10'),
('4','Quo animi quo ex.','13'),
('5','Ad ea numquam maiores blanditiis.','13'),
('6','Aliquam non a eligendi repudiandae eius.','32'),
('7','Quo quis occaecati velit repudiandae.','48'),
('8','Temporibus ab maiores adipisci sed et excepturi.','10'),
('9','Nulla amet ratione ipsa nisi.','43'),
('10','Laborum neque quasi qui aut blanditiis earum nobis.','26'),
('11','Facere quo placeat adipisci et rerum nam aliquam quis.','2'),
('12','Dolor ut placeat magni quaerat soluta numquam eos.','9'),
('13','Qui velit et consequuntur vel itaque nemo impedit.','36'),
('14','Cupiditate natus ut repudiandae explicabo recusandae sed optio.','50'),
('15','Deserunt consectetur omnis dignissimos officiis eveniet est aut.','25'),
('16','Nesciunt molestiae ipsum sequi.','50'),
('17','Et officia consequatur perspiciatis cum in sed.','2'),
('18','Ipsum eos et dolorum nam corporis autem enim.','33'),
('19','Nam magni numquam hic sequi quia iusto eveniet ea.','12'),
('20','Asperiores totam voluptas quasi consequatur aliquam occaecati qui rem.','43'),
('21','Nulla nihil velit quasi enim tempora a.','1'),
('22','Modi accusantium est facere atque molestiae totam dolorem.','31'),
('23','Accusantium accusamus ut maiores eum debitis sunt tempore.','5'),
('24','Quidem rerum corporis numquam.','29'),
('25','Et adipisci hic rem dolore velit.','8'),
('26','Similique odit autem odit repudiandae ab est veniam.','22'),
('27','Enim blanditiis ut sunt facere rem veritatis.','31'),
('28','Et occaecati temporibus vel illo et sit qui.','21'),
('29','Quia quas dolores sequi voluptates qui sed.','15'),
('30','Et officiis rerum enim aut mollitia quia minus.','20'),
('31','Provident aliquid culpa maxime odit sint accusamus.','34'),
('32','Quia alias autem voluptatem rerum voluptate eaque suscipit.','19'),
('33','Pariatur maiores et quibusdam facere.','24'),
('34','Suscipit magni dolor dolore voluptate eum qui aut.','43'),
('35','Rerum odit ipsa quos debitis.','32'),
('36','Officiis voluptas aut rem exercitationem laboriosam.','37'),
('37','Qui suscipit sed fuga.','25'),
('38','Qui qui sint fugit libero accusantium.','29'),
('39','Qui saepe est consequatur sit.','47'),
('40','Quia eos aut ipsum id ea.','17'),
('41','Saepe dignissimos totam doloribus sit et sed.','5'),
('42','Magnam in molestiae veritatis et sit nobis hic.','48'),
('43','Aut ducimus delectus quia eos.','25'),
('44','Aut rerum cumque id aut sed sunt sit est.','40'),
('45','Non incidunt sit laboriosam libero.','48'),
('46','Nesciunt omnis aperiam reprehenderit ut quia.','50'),
('47','Voluptate aut quo nisi et quia.','40'),
('48','Ex a animi porro et.','49'),
('49','Est voluptatem est maiores tempore eius.','32'),
('50','Qui quaerat vero ullam quis.','2'),
('51','Eveniet molestias deserunt corporis et.','41'),
('52','Sint ut id aut quo.','33'),
('53','Ullam perferendis quia occaecati incidunt.','32'),
('54','Earum ducimus nemo voluptas quisquam et aut velit.','46'),
('55','Ut ab est quae sit repellendus.','12'),
('56','Quod delectus dignissimos corporis magnam excepturi odio fuga.','39'),
('57','Deleniti maxime quidem nihil corporis omnis.','17'),
('58','Qui ex quisquam sed omnis voluptates corporis.','43'),
('59','Iusto incidunt quae numquam excepturi.','10'),
('60','Nemo qui omnis qui earum labore.','32'),
('61','Id aliquam quod dolorem blanditiis.','13'),
('62','Quibusdam earum voluptatem quibusdam aspernatur molestiae perferendis.','43'),
('63','Officiis corrupti alias omnis laudantium.','50'),
('64','Ipsam aliquam dignissimos explicabo corporis minima dolorem.','37'),
('65','Sit non iure ullam culpa saepe et suscipit.','36'),
('66','Similique sapiente laboriosam molestiae quisquam voluptatum.','31'),
('67','Voluptates delectus tempora consequatur quo.','23'),
('68','Quis ipsa sunt quasi occaecati voluptatem.','10'),
('69','Et eligendi deleniti et.','10'),
('70','Maiores vel itaque veniam fugiat labore pariatur eius.','19'),
('71','Ut fugiat quo ut.','26'),
('72','Dignissimos quidem nam harum error.','14'),
('73','Eveniet laudantium ea explicabo laboriosam.','17'),
('74','Consequatur quia velit expedita accusamus voluptatum aliquid aut.','1'),
('75','Accusantium quidem iure quidem cum eum itaque.','4'),
('76','Quo reiciendis distinctio vel.','14'),
('77','Facere at sit et.','50'),
('78','Deleniti repudiandae corrupti dicta voluptatum aliquid ad nesciunt.','44'),
('79','Est similique sapiente nulla fugiat sint in.','12'),
('80','Voluptas dolorum porro ut dignissimos et.','32'),
('81','At expedita quo deleniti beatae.','45'),
('82','Eius hic dolore reiciendis omnis repellendus placeat.','3'),
('83','Aut quia adipisci voluptas odit non iste.','15'),
('84','Laboriosam ut odio quisquam culpa labore et enim praesentium.','26'),
('85','Velit fuga quaerat ut deleniti.','48'),
('86','Dicta maiores possimus unde autem non aut ut.','27'),
('87','Est aut est iste non.','15'),
('88','Maxime provident enim commodi dolor.','15'),
('89','Voluptatem eum ratione dolores fugiat iusto quia enim.','19'),
('90','Fugiat quisquam deleniti quibusdam.','25'),
('91','Minima omnis omnis dolorem nihil.','47'),
('92','Atque placeat ducimus dignissimos ipsam.','31'),
('93','Non repudiandae perferendis eligendi et laborum laborum ut enim.','18'),
('94','Eum aliquid quia dolor quis vel.','47'),
('95','Quam sed saepe magni rerum asperiores non.','17'),
('96','Sapiente itaque fugit earum non sint.','4'),
('97','Voluptas rerum dolores rerum esse fugiat dolore quo sed.','28'),
('98','Eos ipsa accusantium pariatur perspiciatis odit explicabo vero.','40'),
('99','Nam sit ut architecto laudantium beatae molestiae.','13'),
('100','Eius aperiam quae corrupti facere.','37'); 


DROP TABLE IF EXISTS `photos`;
CREATE TABLE `photos` (
  `id` bigint(20) unsigned NOT NULL AUTO_INCREMENT,
  `album_id` bigint(20) unsigned NOT NULL,
  `media_id` bigint(20) unsigned NOT NULL,
  PRIMARY KEY (`id`),
  KEY `album_id` (`album_id`),
  KEY `media_id` (`media_id`),
  CONSTRAINT `photos_ibfk_1` FOREIGN KEY (`album_id`) REFERENCES `photo_albums` (`id`),
  CONSTRAINT `photos_ibfk_2` FOREIGN KEY (`media_id`) REFERENCES `media` (`id`)
) ENGINE=InnoDB AUTO_INCREMENT=101 DEFAULT CHARSET=utf8 COLLATE=utf8_unicode_ci;

INSERT INTO `photos` VALUES ('1','100','22'),
('2','17','5'),
('3','62','73'),
('4','60','55'),
('5','87','84'),
('6','44','25'),
('7','26','61'),
('8','85','54'),
('9','35','83'),
('10','23','83'),
('11','2','63'),
('12','30','92'),
('13','6','9'),
('14','41','95'),
('15','85','69'),
('16','90','85'),
('17','91','6'),
('18','89','52'),
('19','78','49'),
('20','7','65'),
('21','33','50'),
('22','89','58'),
('23','10','74'),
('24','12','45'),
('25','56','34'),
('26','27','58'),
('27','96','57'),
('28','49','2'),
('29','66','90'),
('30','96','51'),
('31','59','85'),
('32','35','49'),
('33','91','23'),
('34','1','69'),
('35','72','7'),
('36','33','4'),
('37','56','21'),
('38','61','66'),
('39','94','72'),
('40','11','50'),
('41','5','38'),
('42','7','1'),
('43','94','56'),
('44','2','60'),
('45','45','98'),
('46','10','3'),
('47','82','45'),
('48','52','72'),
('49','68','52'),
('50','40','39'),
('51','59','73'),
('52','42','15'),
('53','94','2'),
('54','80','88'),
('55','74','91'),
('56','37','78'),
('57','28','44'),
('58','79','22'),
('59','99','81'),
('60','82','44'),
('61','78','92'),
('62','46','60'),
('63','36','98'),
('64','32','3'),
('65','49','72'),
('66','41','8'),
('67','44','82'),
('68','22','37'),
('69','84','2'),
('70','24','57'),
('71','92','61'),
('72','35','20'),
('73','4','14'),
('74','41','2'),
('75','95','23'),
('76','45','73'),
('77','14','91'),
('78','32','49'),
('79','89','64'),
('80','51','38'),
('81','35','92'),
('82','45','78'),
('83','74','66'),
('84','15','57'),
('85','68','38'),
('86','14','59'),
('87','98','49'),
('88','79','2'),
('89','62','20'),
('90','3','56'),
('91','42','48'),
('92','29','55'),
('93','39','60'),
('94','3','27'),
('95','23','54'),
('96','64','58'),
('97','46','9'),
('98','36','19'),
('99','75','50'),
('100','76','42'); 


DROP TABLE IF EXISTS `profiles`;
CREATE TABLE `profiles` (
  `user_id` bigint(20) unsigned NOT NULL AUTO_INCREMENT,
  `gender` char(1) COLLATE utf8_unicode_ci DEFAULT NULL,
  `birthday` date DEFAULT NULL,
  `photo_id` bigint(20) unsigned DEFAULT NULL,
  `created_at` datetime DEFAULT current_timestamp(),
  `hometown` varchar(100) COLLATE utf8_unicode_ci DEFAULT NULL,
  PRIMARY KEY (`user_id`),
  CONSTRAINT `profiles_ibfk_1` FOREIGN KEY (`user_id`) REFERENCES `users` (`id`) ON UPDATE CASCADE
) ENGINE=InnoDB AUTO_INCREMENT=51 DEFAULT CHARSET=utf8 COLLATE=utf8_unicode_ci;

INSERT INTO `profiles` VALUES ('1','1','2016-11-21','1','2005-06-27 13:34:06','1869 Tracey Ramp\nVeumberg, KY 11476-7156'),
('2','1','2006-01-25','2','2000-07-12 01:21:11','113 Pauline Drives\nNorth Dereckshire, NV 44031-0065'),
('3','1','1988-07-10','3','1975-09-18 22:05:16','76547 Beer Drive Suite 478\nEast Blakeville, GA 21190-4233'),
('4','2','1975-11-07','4','2009-02-20 02:10:28','719 Rashawn Glen\nRobertston, NE 66246-1700'),
('5','1','1989-07-27','5','2004-08-31 21:13:58','12167 Ullrich Run\nNew Faustoton, AR 39126'),
('6','2','2005-06-26','6','1984-01-18 18:06:52','33772 Yundt Isle\nErnserland, AL 58932-3993'),
('7','1','1974-04-23','7','1995-12-11 18:35:25','668 Lauriane Islands\nBaileyshire, AR 66274-3826'),
('8','2','1980-11-14','8','1973-12-22 09:36:06','219 Hoppe Falls\nNikolausmouth, ND 24065-4763'),
('9','1','1970-07-23','9','1972-10-06 07:26:33','810 Sheridan Gateway\nNorth Omariborough, NH 45557-7757'),
('10','1','2003-10-12','10','2004-04-30 16:19:32','3756 Xavier Squares Apt. 801\nLarkinfurt, TX 73061-4761'),
('11','1','2014-04-05','11','2001-11-28 21:50:55','198 Izaiah Turnpike Suite 645\nPort Christianafurt, WA 45067-5046'),
('12','1','1985-11-03','12','1977-12-10 10:49:20','1665 Nikolaus Roads\nHenrytown, LA 90915-8492'),
('13','2','2001-09-05','13','2008-03-19 09:25:33','60312 Gladys Green\nLake Edythborough, AL 58784'),
('14','1','2004-06-25','14','1998-02-17 23:59:13','98426 Carter Groves\nSouth Judebury, WA 39637'),
('15','1','1998-10-10','15','1993-02-06 09:52:20','58939 Effertz Village Suite 438\nLittelmouth, IL 23867'),
('16','1','1971-03-25','16','2008-08-15 14:13:15','0576 Joaquin Valley\nNorth Alyshafort, TX 85928'),
('17','1','1970-06-28','17','1996-11-23 03:39:21','264 Scottie Point\nSouth Lolita, WI 96243'),
('18','1','1981-07-09','18','1971-04-20 19:53:22','317 Gideon Crossroad\nBoscoport, TN 79609-5035'),
('19','2','1982-05-20','19','1973-09-11 13:23:23','95387 Batz Key Apt. 563\nEast Othafort, NY 78547-4512'),
('20','1','2015-09-01','20','1976-01-30 04:31:55','86997 Emmie Shore Apt. 526\nLornamouth, NH 56384'),
('21','1','1995-06-16','21','2015-11-29 18:59:09','6126 Ledner Knoll Apt. 799\nLake Braulioton, GA 04214-4494'),
('22','1','1992-12-04','22','1996-02-05 12:43:54','60929 Francesco Mill\nWest Marinaburgh, KS 93184'),
('23','2','1990-10-02','23','1998-12-27 00:03:10','73766 Fahey Way Apt. 697\nWest Rogelio, NY 98332-9107'),
('24','1','1977-08-02','24','1998-04-22 20:10:18','8507 Maynard Canyon\nNew King, OR 95342'),
('25','2','1995-03-19','25','2004-01-29 02:41:37','61939 Wintheiser Circle Apt. 928\nNew Destany, MO 00879-2280'),
('26','1','1976-09-17','26','2017-11-06 17:21:56','086 Larkin Isle Suite 316\nGaetanoton, DE 47300-8157'),
('27','2','1981-11-10','27','1975-11-10 10:00:47','534 Elva Roads\nDooleyview, MN 42426-7838'),
('28','1','1975-11-02','28','1994-07-26 00:42:32','26744 Demetris Inlet Apt. 588\nLake Clintonberg, TX 18815-9815'),
('29','1','2007-01-06','29','2013-11-24 14:20:15','82630 Gayle Curve\nCaspertown, TN 33068-0308'),
('30','1','2018-04-29','30','1978-06-08 07:45:46','3602 Bailey Prairie Apt. 363\nKyramouth, AZ 68085-9334'),
('31','2','1996-09-30','31','2002-12-30 22:00:49','61355 Nikita Garden Apt. 251\nHermistonfurt, WA 23855-1324'),
('32','2','2011-07-09','32','1972-03-17 10:11:39','5651 Lang Via\nNienowborough, NY 19211-8877'),
('33','2','1972-03-06','33','2016-06-30 00:39:30','777 Amelie Heights\nPort Amber, LA 15365'),
('34','2','1999-06-24','34','1989-03-19 01:55:43','01708 Mosciski Inlet Suite 316\nRosinatown, SD 31885-1807'),
('35','1','1999-11-08','35','1983-01-14 12:45:50','991 Parker Mountain Apt. 974\nDelbertberg, UT 94166-3914'),
('36','1','2018-07-11','36','1982-01-22 03:01:04','769 Lynch Loaf\nSporerchester, SC 77468'),
('37','2','1975-04-12','37','2006-04-16 12:42:42','734 Ernestine Island\nUrielfurt, RI 97262'),
('38','2','1993-07-12','38','1997-07-17 17:46:39','10554 Korbin Cape Suite 426\nHermanville, OH 66467'),
('39','2','2004-08-28','39','1976-02-21 06:54:03','976 Adela Mills\nSouth Erwintown, MD 81792-7418'),
('40','2','2001-12-31','40','2008-10-07 04:02:46','68522 Daniel Neck Apt. 233\nNew Pansyside, CA 89057-9487'),
('41','2','1985-07-15','41','1982-05-18 16:05:28','649 Adolfo Haven Apt. 272\nLucyshire, ID 37710-2657'),
('42','1','2005-10-19','42','2015-07-07 20:45:04','05441 Rhiannon Harbors\nJasminville, SD 18082'),
('43','2','2006-02-05','43','1970-05-15 19:08:26','7573 Bednar Manor Apt. 180\nMillerville, MD 55897'),
('44','1','1997-02-15','44','2005-03-17 12:51:58','98782 Leuschke Ford\nLednerfurt, KS 79460-8864'),
('45','2','2007-06-24','45','2018-05-25 10:25:24','88404 Bernie Mill Suite 616\nEast Tavaresstad, ME 79265'),
('46','2','1978-05-27','46','1999-11-05 17:15:40','657 Lexus Divide\nHirthestad, MO 25705'),
('47','2','1982-12-18','47','2019-08-02 03:19:37','35681 Gwen Spur\nNew Yadirashire, IL 45164-2501'),
('48','2','1981-10-24','48','1998-07-17 11:08:05','09179 Larkin Ridge Suite 201\nSouth Haydenshire, AK 38426'),
('49','1','2003-03-03','49','2001-03-06 06:42:35','80562 West Loaf\nEast Verlie, PA 67184-2950'),
('50','2','2011-04-13','50','1972-07-08 10:33:40','6157 Paul Roads\nWest Lizzie, PA 13721'); 


DROP TABLE IF EXISTS `users`;
CREATE TABLE `users` (
  `id` bigint(20) unsigned NOT NULL AUTO_INCREMENT,
  `firstname` varchar(50) COLLATE utf8_unicode_ci DEFAULT NULL,
  `lastname` varchar(50) COLLATE utf8_unicode_ci DEFAULT NULL COMMENT '',
  `email` varchar(120) COLLATE utf8_unicode_ci DEFAULT NULL,
  `phone` bigint(20) DEFAULT NULL,
  PRIMARY KEY (`id`),
  UNIQUE KEY `email` (`email`),
  KEY `users_phone_idx` (`phone`),
  KEY `users_firstname_lastname_idx` (`firstname`,`lastname`)
) ENGINE=InnoDB AUTO_INCREMENT=51 DEFAULT CHARSET=utf8 COLLATE=utf8_unicode_ci;

INSERT INTO `users` VALUES ('1','Nyasia','Hand','keven.jerde@example.net','72963468126'),
('2','Cornell','Greenfelder','o\'connell.johnnie@example.com','72720824204'),
('3','Pauline','Heller','roob.jerad@example.net','73656944638'),
('4','Brandi','Gulgowski','hessel.wayne@example.com','74020575222'),
('5','Houston','Weber','fmayert@example.net','74209849660'),
('6','Pinkie','Waelchi','trantow.ronaldo@example.net','76396463034'),
('7','Germaine','Hodkiewicz','bwillms@example.com','75639074825'),
('8','Laverna','Lang','jerde.rickie@example.org','76034404837'),
('9','Nikita','Gerhold','woodrow39@example.com','77023995995'),
('10','Neva','Wolff','aledner@example.net','78956855667'),
('11','Gregory','Davis','kari27@example.net','71314137713'),
('12','Marcellus','Thiel','shanahan.joanne@example.com','72165826657'),
('13','Tyrique','Bernier','kris.calista@example.org','78786295576'),
('14','Edd','Kunze','oabshire@example.net','79254469078'),
('15','Tommie','Crona','edward04@example.net','72360631751'),
('16','Marcella','Lakin','athena.kunze@example.com','71755624690'),
('17','Clement','Kuphal','ubaldo71@example.org','73135156401'),
('18','Leilani','Bosco','reichel.dimitri@example.net','79283407947'),
('19','Mike','Mertz','brown.alexzander@example.org','72469940159'),
('20','Loraine','Legros','oadams@example.com','77484156440'),
('21','Kaleigh','Zulauf','amina.simonis@example.org','73040792881'),
('22','Carmella','Zboncak','robel.dayna@example.com','74281018363'),
('23','Corbin','Ratke','friesen.ambrose@example.net','77091024348'),
('24','Vicenta','Brekke','christ.schmitt@example.org','79485832945'),
('25','Simeon','McCullough','jacquelyn48@example.com','79500792216'),
('26','Violette','Wiza','lauriane.emmerich@example.com','72706594105'),
('27','Santina','Rodriguez','claudine18@example.org','72971527590'),
('28','Godfrey','Dach','kristin.hahn@example.net','73939385853'),
('29','Reta','Adams','rschoen@example.net','75842667653'),
('30','Gilberto','Bergnaum','wilkinson.constantin@example.com','76139581947'),
('31','Bradly','Bogisich','okuneva.christophe@example.com','73495303881'),
('32','Dejon','Schmidt','rcormier@example.org','76159846011'),
('33','Tad','Eichmann','gislason.abby@example.net','72352146902'),
('34','Polly','Walsh','shanny75@example.net','79591568105'),
('35','Lesly','Carroll','renner.dock@example.org','78672475927'),
('36','Patsy','Schmitt','brittany.beer@example.net','75795548713'),
('37','Manuela','Purdy','vaughn.wuckert@example.com','71575991251'),
('38','Domenick','Mante','bell13@example.net','78169078164'),
('39','Aurelio','Schultz','jordyn65@example.org','78916920739'),
('40','Clementina','Kulas','eladio52@example.org','77416192554'),
('41','Merle','Ankunding','gilberto91@example.net','79426448163'),
('42','Joy','Monahan','leon.dach@example.org','75711793447'),
('43','Amara','Medhurst','dcormier@example.org','72932273755'),
('44','Tianna','Hickle','zdaugherty@example.org','72404104664'),
('45','Libbie','O\'Kon','twiegand@example.com','78497657431'),
('46','Kayla','Stehr','hirthe.carrie@example.com','77228921211'),
('47','Adeline','Lynch','louisa21@example.org','74023578328'),
('48','Gia','Murray','parker.gudrun@example.org','76908054657'),
('49','Alysson','Breitenberg','xankunding@example.com','72975270584'),
('50','Norris','Bogisich','eula61@example.net','76601933358'); 


DROP TABLE IF EXISTS `users_communities`;
CREATE TABLE `users_communities` (
  `user_id` bigint(20) unsigned NOT NULL,
  `community_id` bigint(20) unsigned NOT NULL,
  PRIMARY KEY (`user_id`,`community_id`),
  KEY `community_id` (`community_id`),
  CONSTRAINT `users_communities_ibfk_1` FOREIGN KEY (`user_id`) REFERENCES `users` (`id`),
  CONSTRAINT `users_communities_ibfk_2` FOREIGN KEY (`community_id`) REFERENCES `communities` (`id`)
) ENGINE=InnoDB DEFAULT CHARSET=utf8 COLLATE=utf8_unicode_ci;

INSERT INTO `users_communities` VALUES ('1','2'),
('1','25'),
('2','28'),
('2','32'),
('3','25'),
('3','43'),
('4','26'),
('4','49'),
('5','16'),
('5','43'),
('6','28'),
('6','42'),
('7','14'),
('7','21'),
('8','22'),
('8','33'),
('9','6'),
('9','45'),
('10','28'),
('10','31'),
('11','4'),
('11','10'),
('12','18'),
('12','48'),
('13','36'),
('13','49'),
('14','6'),
('14','27'),
('15','31'),
('15','34'),
('16','6'),
('16','41'),
('17','1'),
('17','9'),
('18','28'),
('18','32'),
('19','11'),
('19','50'),
('20','15'),
('20','17'),
('21','20'),
('21','27'),
('22','11'),
('22','22'),
('23','2'),
('23','43'),
('24','24'),
('24','38'),
('25','10'),
('25','17'),
('26','45'),
('27','1'),
('27','18'),
('28','3'),
('28','14'),
('29','4'),
('29','7'),
('30','9'),
('30','22'),
('31','18'),
('31','24'),
('32','8'),
('32','29'),
('33','3'),
('33','37'),
('34','17'),
('34','43'),
('35','5'),
('35','6'),
('36','2'),
('36','45'),
('37','34'),
('37','44'),
('38','20'),
('38','25'),
('39','16'),
('39','34'),
('40','28'),
('40','50'),
('41','1'),
('41','2'),
('42','26'),
('42','38'),
('43','45'),
('43','47'),
('44','37'),
('44','49'),
('45','2'),
('45','44'),
('46','27'),
('46','29'),
('47','4'),
('47','28'),
('48','10'),
('48','45'),
('49','6'),
('49','8'),
('50','4'),
('50','39'); 




/*!40101 SET SQL_MODE=@OLD_SQL_MODE */;
/*!40014 SET FOREIGN_KEY_CHECKS=@OLD_FOREIGN_KEY_CHECKS */;
/*!40014 SET UNIQUE_CHECKS=@OLD_UNIQUE_CHECKS */;
/*!40101 SET CHARACTER_SET_CLIENT=@OLD_CHARACTER_SET_CLIENT */;
/*!40101 SET CHARACTER_SET_RESULTS=@OLD_CHARACTER_SET_RESULTS */;
/*!40101 SET COLLATION_CONNECTION=@OLD_COLLATION_CONNECTION */;
/*!40111 SET SQL_NOTES=@OLD_SQL_NOTES */;

